Accident ID,Form No,Filled By,Filled Date,Police Report Available,FIR No,City/Town/Village Name,Time of Accident,Date of Accident,Day of Accident,Holiday,Hit and Run,Accident Severity,No of Fatalities,No of Injured,No of vehicles,Collision Type,Collision Spot,Type of Road,Divider,Location,Light Condition,Road Catagory,Distance,Police Station,Special Case,Global Position(Latitude),Global Position (Longitude),Road 1,Road 2,Road 3,Landmark,Note,Accused Vehicle Coming From,No of Occupant
396,60358,ak,23/10/2012,1,14,Vizag,00/01/1900,21/01/2009,2,0,9,3,1,0,2,99,1,2,9,1,,4,15,Pendurthy,0,,,Sathivanipalem,Gavara Jaggayyapalem,Gavara Jaggayyapalem,Near Railway Culvert,A motercycle hit the cyclyst and the resulting his death in the hospital.,,
398,60359,ak,31/10/2012,1,1,Vizag,00/01/1900,01/02/2008,2,0,9,3,1,1,1,1,1,2,9,1,,4,4,Gajuwaka,0,,,NA,NA,NA,BHPV Main Gate,"A motercycle came in rash manner and hit the two lady pedestrian, and the resulting one of them died during the treatment and other injured.",,
399,60360,ak,31/10/2012,1,2,Vizag,00/01/1900,01/02/2008,3,0,9,3,1,0,1,1,1,2,9,1,,4,4,Gajuwaka,0,,,NA,N.H 5 Road,NA,Opp. To Nathayyapalem Water Tank,"A car came in rash manner and hit the pedestrian, and the resulting he died before reached the hospital.",,
400,60361,ak,31/10/2012,1,4,Vizag,00/01/1900,01/06/2008,6,0,9,3,1,2,2,3,3,2,9,1,,4,3,Gajuwaka,0,,,Likithe Cinema Hall JMU,New Gajuvaka road,Gajuwaka,Anjaneya Swaiy Temple,"A Gas Tanker sudeenly turn and at the same time motercycle came from back , hit the tanker. As a resulting rider of the motercycle died on the spot and other two pilllion rider injured.",,
401,60362,ak,24/10/2012,1,57,Vizag,00/01/1900,21/02/2008,3,1,9,3,1,0,1,1,1,2,9,1,,4,1,Gajuwaka,0,,,Old Gajuvaka,N.H 5 Road,APS RTC Complex,Pantulugarimada,"A Pvt. Bus came in rash manner and hit the pedestrian ,while crossing the road. As a resulting he died on the spot.",,
403,60363,ak,02/11/2012,1,187,Vizag,00/01/1900,13/06/2008,5,0,9,3,1,0,2,3,2,2,9,1,,4,2,Gajuwaka,0,,,na,N.H 5 Road,NA,AutoNagar Junction,"A RTC Bus hit the motercyle from the back side, while the motercyle stop on the red signal. As a resulting he died on the spot.",,
404,60364,ak,02/11/2012,1,193,vizag,00/01/1900,20/06/2008,5,0,9,3,1,0,2,99,1,2,1,1,,4,2,Gajuwaka,0,,,NA,NA,NA,"Opp. To Petrol Bunk , New Gajuvaka","A motercycle hit the divider and fell on the road, at the same time a bus came and ran over the motercyclist. As a resulting he died before reached the hospital.",,
405,60365,ak,02/11/2012,1,195,Vizag,00/01/1900,23/06/2008,1,0,9,3,1,0,1,1,1,2,9,1,,4,2,Gajuwaka,0,,,NA,N.H 5 Road,NA,Penthulugarimeda,A lady pedestrian hit by the car and the resulting she died during the medical treatment.,,
406,60366,ak,02/11/2012,1,202,Vizag,00/01/1900,07/02/2008,3,0,0,3,1,1,1,1,1,2,1,1,,4,4,Gajuwaka,0,,,NA,NA,NA,Near Vayuputra Transport,A motorcycle came in rash manner and hit the pedestrian after that he hit the divider and fell on the road.As a result pedestrian died before reached hospital and motorcyclist injured.,,
407,60367,ak,02/11/2012,1,221,Vizag,00/01/1900,27/07/2008,7,1,9,3,1,0,1,1,1,2,9,1,,4,2,Gajuwaka,0,,,NA,Gajuvaka Main Road,NA,HimachalNagar Gajuvaka,"A RTC Bus came in rash manner and hit the pedestrian, as a resulting he died before reached the hospital.",,
408,60368,ak,02/11/2012,1,223,Vizag,00/01/1900,08/01/2008,4,0,9,3,1,1,3,3,2,2,9,1,,4,1,Gajuwaka,0,,,NA,N.H 5 Road,NA,SriNagar Signal Point Junction,A Car came in rash manner and hit the motercycle from the back side after that car hit the cycle. As a result motorcyclist died on the spot and cyclist injured.,,
409,60369,ak,02/11/2012,1,324,Vizag,00/01/1900,20/12/2008,5,0,9,3,1,0,2,3,1,2,9,1,,4,4,Gajuwaka,0,,,NA,N.H 5 Road,NA,Nathaiohpalem Bus Stop,"A lorry hit the motercycle from back side ,as a resulting pillion rider died before reached the hospital.",,
410,60370,ak,02/11/2012,1,226,Vizag,00/01/1900,08/05/2008,1,0,9,3,1,0,2,3,1,2,9,1,,4,5,Gajuwaka,0,,,NA,N.H 5 Road,NA,Opp. To Megadrigedda Pump House,A Van came in rash manner and hit the bicycle from the back side and the resulting cyclist died during the treatment.,,
411,60371,ak,02/11/2012,1,234,Vizag,00/01/1900,17/08/2008,7,1,9,3,1,0,2,3,1,2,9,1,,4,5,Gajuwaka,0,,,NA,N.H 5 Road,NA,NA,"A RTC Bus came in rash manner and hit the scooter from the back side, as a resulting scooterist died before reached the hospital.",,
412,60372,ak,02/11/2012,1,239,Vizag,00/01/1900,22/08/2008,5,0,9,3,2,0,2,99,2,2,9,1,,4,5,Gajuwaka,0,,,NA,N.H 5 Road,NA,Sheela Nagar Petrol Bunk Junction,A lorry came in rash manner and the motercycle at road junction. As a resulting pillion rider and rider died on the spot.,,
413,60373,ak,02/11/2012,1,201,Vizag,00/01/1900,07/02/2008,3,0,0,3,1,1,1,8,2,2,9,1,,4,1,Gajuwaka,0,,,NA,NA,NA,Old Gajuvaka Junction,A motercycle came in rash manner and hit the divier and fell on the road. As a resulting rider died during medical treatment and pillion rider injured.,,
424,60375,ak,05/11/2012,1,22,Vizag,00/01/1900,28/02/2008,5,0,0,3,1,0,1,1,3,2,9,1,,4,4,Harbour,0,,,NA,NA,NA,Near AVR Tanker Yard,"A lorry was reversing without any intimation, at the same time a pedestrian stading behind, hit him. As a resulting he died on the spot.",,
425,60376,ak,05/11/2012,1,44,Vizag,00/01/1900,06/09/2008,7,1,0,3,3,998,1,8,1,2,1,1,,4,4,Harbour,1,,,Sheela Nagar,NA,Mallakapuram,"Near Toll gate, New Flyover bridge",A tata mobile hit the divider  and as a resulting 3 passenger died on the spot and ramaing injured.,,
426,60377,ak,05/11/2012,1,35,Vizag,00/01/1900,05/03/2008,6,0,0,3,1,0,1,10,9,2,9,1,,4,5,Harbour,0,,,NA,NA,NA,Near FCI Godowns,"A motercycle skid on the road ,and as a resulting he died during the medical treatment.",,
427,60378,ak,05/11/2012,1,53,Vizag,00/01/1900,07/07/2008,1,0,9,3,1,0,2,99,2,2,9,1,,4,3,Harbour,0,,,NA,NA,NA,Old Fly Over Bridge Junction,"A RTC Bus hit the motorcycle, as a resulting motorcyclist died on the spot.",,
428,60379,ak,05/11/2012,1,76,Vizag,00/01/1900,15/09/2008,1,0,9,3,1,1,2,5,2,2,9,1,,4,2,Harbour,0,,,NA,NA,NA,Near Ambedkar Statue Junction,A lorry hit the auto from side and the resulting one passenger died and other injured,,
429,60380,ak,05/11/2012,1,98,Vizag,00/01/1900,11/09/2008,7,1,0,3,1,1,1,99,1,2,9,1,,4,2,Harbour,0,,,NA,NA,Na,"New Fly over Bridge, near port Connectivity","A motercycle came on fly over ,and an accident occurred due this a person died during treatment and other injured.",,
430,60381,ak,05/11/2012,1,110,Vizag,00/01/1900,19/12/2008,6,0,9,3,1,0,1,1,2,2,9,1,,4,2,Harbour,0,,,NA,NA,NA,"New Fly Over Bridge, Near Port Connectivity",A pedestrian hit by the lorry and the resulting he died during the medical treatment.,,
431,60382,ak,05/11/2012,1,53,Vizag,00/01/1900,25/04/2007,3,0,9,3,1,1,2,99,2,2,9,1,,4,2,Anandapuram,0,,,Anandapuram,S.H 38 Road,Pendurthy,Near Dukkavainpalem,"A lorry hit the auto , and as a resulting one passenger died on the spot and other remaining injured.",,
432,60383,ak,05/11/2012,1,54,Vizag,00/01/1900,28/04/2007,6,0,0,3,1,998,1,7,1,2,9,1,,4,15,Anandapuram,0,,,NA,N.H 5 Road,NA,Near Saterapu Village,A van overturn and as a resulting one passenger died during treatment and remaing injured.,,
433,60384,ak,05/11/2012,1,65,Vizag,00/01/1900,15/05/2007,2,0,0,3,1,998,2,99,2,2,9,1,,4,3,Anandapuram,0,,,NA,NA,NA,Near DukkavaniPalem,Two auto hit each other and the resulting one passenger died during the treatment and remaining injured.,,
434,60385,ak,05/11/2012,1,73,Vizag,00/01/1900,31/05/2007,4,0,0,3,1,0,1,7,1,2,9,1,,4,0,Anandapuram,0,,,NA,Na,NA,Near Venu Brice Industry,A auto overturned and as a resulting a lady passenger died on the spot.,,
435,60386,ak,05/11/2012,1,145,Vizag,00/01/1900,20/11/2007,2,0,0,3,1,998,1,8,2,2,9,1,,4,8,Anandapuram,0,,,NA,S.H 38 Road,Muchharle,mindivanipalem,A auto came in rash manner and hit the tree on road side. As a resulting one lady passenger died on the spot and remaining injured.,,
436,60387,ak,05/11/2012,1,18,Vizag,00/01/1900,29/01/2007,4,0,9,3,1,0,1,1,1,2,9,1,,4,14,Bheemili,0,,,NA,N.H 43 Road,NA,"Near Raghu College 
Raghu College",A pedestrian hit by the car and the resulting he died during medical treatment.,,
437,60388,ak,05/11/2012,1,227,Vizag,00/01/1900,16/10/2010,5,1,1,3,1,0,1,1,1,2,9,1,,4,14,Bheemili,0,,,NA,NA,NA,Near Kancherapalem,"A auto came in rash manner and hit the pedestrian, as a resulting he died on the spot.",,
438,60389,ak,05/11/2012,1,38,Vizag,00/01/1900,19/02/2010,4,1,9,3,1,0,2,99,1,2,9,1,,4,8,Bheemili,1,,,NA,Na,Na,Near Mudugullu,"A lorry hit the another parked lorry, at the same time cleaner of the lorry replace their tyre, hit by the second lorry. As a resulting he died on the spot.",,
440,60390,ak,05/11/2012,1,42,Vizag,00/01/1900,23/02/2010,2,0,9,3,1,0,2,3,1,2,9,1,,4,5,Bheemili,0,,,NA,NA,NA,Near Surya Hospital,"A lorry hit the motercycle from the back side, as a resulting rider of the motorcycle died during the treatment.",,
441,60391,ak,05/11/2012,1,91,Vizag,00/01/1900,22/04/2010,4,0,9,3,1,0,2,2,1,2,9,1,,4,14,Bheemili,0,,,NA,N.H 43 Road,NA,"Near Daka marri, Raghu Eng. Collage","A lorry hit the motorcycle from head on position ,as a resulting motorcyclist died during the medical treatment.",,
443,60392,ak,06/11/2012,1,109,Vizag,00/01/1900,05/10/2010,1,0,1,3,1,0,1,1,1,2,9,1,,4,2,Bheemili,0,,,NA,N.H 43 Road,NA,Near Konki Veedhi,"A water tanker hit the 3 yrs child , and the resulting he died on the spot.",,
444,60393,ak,06/11/2012,1,136,Vizag,00/01/1900,06/06/2010,7,1,9,3,1,0,2,2,1,2,9,1,,4,8,Bheemili,0,,,NA,N.H 5 Road,NA,Near Sangivalasa 3 temple,A truck hit the motorcycle to head on position and the resulting motorcyclist died during the medical treatment.,,
445,60394,ak,06/11/2012,1,161,Vizag,00/01/1900,07/03/2010,6,0,9,3,1,0,1,1,1,2,9,1,,4,6,Bheemili,0,,,NA,Thagarapvalasa,NA,Near Venkateswara swamy metta,A pedestrian hit by the lorry and died on the spot.,,
446,60395,ak,06/11/2012,1,202,Vizag,00/01/1900,28/08/2010,6,0,9,3,1,0,1,1,1,2,9,1,,4,6,Bheemili,0,,,NA,NA,NA,Near Three Temple,"A lorry cleaner standing near his lorry ,at the same time a auto came and hit him. As a resulting he died during the treatment.",,
447,60396,Vijay,08/10/2012,1,46,Vizag,00/01/1900,03/04/2007,7,1,0,3,1,5,1,7,1,2,9,1,,4,2,Parawada,1,,,NA,Rajukodu Village,NA,Gorlevanipalem Village,A overloaded auto overturn by due to rash driving by the driver.One of the passenger died in the hospital during treatment and other 5 were suffered injuries.,,
448,60397,Vijay,08/10/2012,1,43,Vizag,00/01/1900,02/11/2012,4,0,9,3,1,0,2,4,1,2,9,1,,4,12,Parawada,0,,,NA,sabbavaram,NA,Pedamsidvada Village,A cyclist hit by a tempo while passing it.The cyclist died on the spot.,,
449,60398,Vijay,08/10/2012,1,106,Vizag,00/01/1900,06/10/2007,7,1,9,3,1,2,1,1,1,2,9,1,,4,2,Parawada,0,,,NA,Electrical Sub station,NA,Vennapalem Kunction,A motorcycle hits a padestrian.The padestrian died on the spot were as both driver and passenger suffered several injuries and admitted to hospital.,,
450,60399,Vijay,08/10/2012,1,96,Vizag,00/01/1900,25/05/2007,1,0,9,3,1,0,2,99,1,2,9,1,,4,5,Parawada,0,,,NA,Parawada Junction,NA,Desapatrunipalem Village,"A cyclist were hit by a Jeep.Due to this,the cyclist taken to hosital were he died during treatment.",,
451,60400,Vijay,08/10/2012,1,147,Vizag,00/01/1900,30/07/2007,7,1,9,3,1,0,1,1,1,2,9,1,,4,10,Parawada,0,,,NA,Anakapali,NA,IBP petrol pump,A padestrian was hit by a Jeep due to which he suffered several serious injuries and died in the hospital during medical treatment.,,
452,60401,Vijay,08/10/2012,1,165,Vizag,00/01/1900,26/08/2007,7,1,9,3,1,3,2,99,1,2,9,1,,4,8,Parawada,1,,,NA,Vutagedda Junction,NA,NTPC Employee Gate,"A overloaded scooter collide with a motorcycle due to negligence of scooter rider.Due to this, the motorcyclist died on the spot and rider and pillion riders of scooter were also injured and admitted to hospital.",,
453,60402,Vijay,08/10/2012,1,169,Vizag,00/01/1900,09/02/2007,7,1,9,3,1,3,2,2,1,2,9,1,,4,8,Parawada,1,,,NA,Sabbavaram,NA,lankelapalem Junction,"A Lorry collide with a car in head on collision.Due to this,all four people siiting in the car gets seriously injured and taken to hospital.One of the passenger died before reaching hospital and 3 other were admitted.",,
454,60403,Vijay,08/10/2012,1,176,Vizag,00/01/1900,09/11/2007,2,0,1,3,1,0,1,1,3,2,9,1,,4,10,Parawada,1,,,NA,NA,NA,"Foot Path Opp Bus bay,maridimamba temple",A lorry went over a sleeping boy(age 20) due to which he died on the spot.The lorry driver ran away from crime scene.,,
455,60404,Vijay,08/10/2012,1,198,Vizag,00/01/1900,23/10/2007,2,0,9,3,1,0,2,3,1,2,9,1,,4,3,Parawada,0,,,NA,NA,NA,Vutagedda Junction,"A motorcyle colllide with parked tipper,resulting the rider of 2-wheeler suffers serveral injuries and taken to hsopital where he died during treatment.",,
456,60405,Vijay,08/10/2012,1,217,Vizag,00/01/1900,15/11/2007,4,0,9,3,1,0,2,2,1,2,9,1,,4,14,Parawada,1,,,NA,NA,NA,Bandarupalem Village,A RTC bus hits motorcycle by due to which the rider of 2-wheeler died on the spot.,,
457,60406,Vijay,08/10/2012,1,223,Vizag,00/01/1900,12/02/2007,7,1,9,3,1,1,1,1,1,2,9,1,,4,10,Parawada,1,,,NA,Gajuwaka,Gajuwaka Road,Sriramnagar Colony,"A padestrian hit by a Auto.After hitting,the auto driver lost his control and overtrun due to which auto passengers got injured.The padestrian was taken ot hospital where she declared as dead.",,
458,60407,sunil,08/10/2012,1,224,Vizag,00/01/1900,12/02/2007,7,1,9,3,1,0,1,1,1,2,9,1,,4,5,parawada,0,,,NA,NA,NA,Bottavanipalam village,A Pedestrian hit by zeep.resulting died the pedestrian during the medical treatment .,,
459,60408,sunil,08/10/2012,1,1,Vizag,00/01/1900,08/01/2008,2,1,9,3,1,0,1,1,1,2,9,1,,4,3,Parawada,0,,,NA,NA,NA,JN PC SITE,A UNKNOWN vechil reversing time  hit pedestrain .after that pedestrain died befor reaching the hospital,,
460,60409,sunil,08/10/2012,1,182,Vizag,00/01/1900,25/09/2007,2,0,9,3,1,0,2,99,1,2,9,1,,4,13,Parawada,0,,,NA,GAJUWAKA,NA,EDUMETLA MARRIPALEM JUNCTION,A Motorcycist hit by lorry .resulting his death on the spot .,,
461,60410,sunil,08/10/2012,1,5,Vizag,00/01/1900,01/04/2009,7,1,9,3,1,0,1,1,1,2,9,1,,4,4,Parawada,0,,,NA,NA,NA,VIJAYA SRE COMPANY,"At the time of reversing the lorry,the vehilce hits a padestrian resulting his death on the spot.",,
462,60411,sunil,08/10/2012,1,46,Vizag,00/01/1900,20/04/2011,3,0,9,3,1,0,1,1,3,2,9,1,,4,8,Parawada,0,,,NA,NA,N.H 5 Road,venkata ravo hotal,A Pedestrain hit by motorcycle .reasulting his death reaching befor hospital .,,
463,60412,sunil,08/10/2012,1,58,Vizag,00/01/1900,24/03/2009,2,0,9,3,1,3,2,3,1,2,9,1,,4,10,Parawada,1,,,NA,NA,N.H 5 Road,mardipodi,A Auto hit  by lorry from back side .resulting one passenger died on the spot and three passenger are injured .,,
464,60413,sunil,08/10/2012,1,18,Vizag,00/01/1900,04/11/2009,6,0,9,3,1,0,1,1,1,2,9,1,,4,0,Parawada,0,,,NA,NA,NA,lankelapalem reg gate,A pedestrain hit by lorry from back side .resulting his death on the spot .,,
465,60414,sunil,08/10/2012,1,70,Vizag,00/01/1900,04/03/2009,5,0,9,3,2,0,2,3,1,2,9,1,,4,0,Parawada,0,,,NA,NA,NA,Pharmacity Company Near Laurance Company,A motorcycle hit from back.The rider and its passenger both got injured and taken to hospital where they declared as dead.,,
466,60415,Vijay,08/10/2012,1,103,Vizag,00/01/1900,24/05/2009,7,1,9,3,1,3,2,4,3,2,9,1,,4,10,Parawada,1,,,NA,NA,N.H 5 Road,Near salapu vanipalem Village,A motorcycle(A) hit from side by another motorcycle(B).The person sitting on motorcycle(A) dead before reaching hospital and other one injured wereas 2 other person of motorcycle(B) were also got injured.,,
467,60416,Vijay,08/10/2012,1,114,Vizag,00/01/1900,06/08/2009,1,1,9,3,1,0,1,1,1,2,9,1,,4,8,Parawada,0,,,NA,NA,N.H 5 Road,Pharma City Colony,A padestrian hit by a lorry resulting his death before reaching hospital.,,
468,60417,Vijay,08/10/2012,1,134,Vizag,00/01/1900,07/12/2009,7,1,9,3,1,4,1,8,1,2,9,1,,4,8,Parawada,1,,,NA,NA,NA,lankelapalem GPR lou out,"Due to negligence of auto driver,the vehicle hits with road divider.Due to this,auto overturn by which the passengers sitting in it got injured.All person then taken to hospital in which one is died before reaching it.",,
469,60418,Vijay,08/10/2012,1,142,Vizag,00/01/1900,22/07/2009,3,0,9,3,2,4,2,2,1,2,9,1,,4,10,Parawada,1,,,NA,NA,N.H 5 Road,Lankelamapalem,A lorry and an auto collide with in head on collision.One of the passenger of auto died on the spot and another one before reaching hospital.Other also passenger were also got injured and taken to Hospital.,,
470,60419,Vijay,08/10/2012,1,148,Vizag,00/01/1900,14/08/2009,5,1,9,3,1,1,1,8,1,2,9,1,,4,3,parawada,0,,,NA,NA,NA,dharmraidu,A car collide with a pole because of flash light given by opposite coming vehicle.The driver of the car suffers injuries.While one of the passenger died before reaching hospital.,,
471,60420,Vijay,09/10/2012,1,38,Vizag,00/01/1900,08/05/2009,3,0,0,3,1,1,1,10,1,2,9,1,,4,5,Parawada,0,,,NA,NA,NA,Dharma Ruyudi Pata Village,"Due to tyre puncture, a motorcyclist lost his control and fell off on the ground.The pillion rider dead on the spot and motorcycle driver admitted to hospital.",,
472,60421,Vijay,09/10/2012,1,179,Vizag,00/01/1900,10/11/2009,7,1,9,3,1,0,1,10,1,2,9,1,,4,2,Parawada,0,,,NA,NA,NA,Near Boddapuvanipalem village,"To avoid the collision wiith buffalo,a motorcyclist lost his balance and fell off on the ground.The motorcyclist dead before reaching hospital.",,
473,60422,Vijay,09/10/2012,1,197,Vizag,00/01/1900,13/11/2009,5,0,9,3,1,0,1,1,1,2,9,1,,4,2,Parawada,0,,,NA,NA,NA,Near GouthuLatchanna Nagar,A padestrian hit by a lorry resulting his death before reaching hospital.,,
474,60423,Vijay,09/10/2012,1,8,Vizag,00/01/1900,01/10/2010,7,1,9,3,1,0,2,10,1,2,9,1,,4,12,Parawada,0,,,NA,NA,N.H 5 Road,maredupudi Junction,"Due to sudden brakes applied by a lorry driver,a motorcyle coming from back collide with back of the lorry.Due to this, the motorcyclist dead on the spot.",,
475,60424,Vijay,09/10/2012,1,134,Vizag,00/01/1900,25/10/2010,1,0,9,3,1,0,2,3,1,2,9,1,,4,2,Parawada,0,,,NA,NA,NA,Goliyakamera Sarugudu,A cyclist  hit from back by a lorry resulting her death on the spot.,,
476,60425,Vijay,09/10/2012,1,105,Vizag,00/01/1900,09/01/2010,3,0,9,3,1,0,1,7,1,2,9,1,,4,10,Parawada,0,,,NA,NA,NA,Salapuvanipalem Village,"Due to tyre puncture,the tractor driver lost his control and overtrun resulting one of the passenger sitting on the trailer died on the spot.",,
477,60426,Vijay,09/10/2012,1,91,Vizag,00/01/1900,07/05/2010,4,0,9,3,1,0,2,3,1,2,9,1,,4,3,Parawada,0,,,NA,NA,NA,Simhadri TMT Steel Company Junction,"A motorcyclist hit from back  by a lorry.After this,the motorcyclist taken to hsopital where he declared as dead.",,
478,60427,Vijay,09/10/2012,1,72,Vizag,00/01/1900,18/05/2010,2,0,9,3,1,0,2,3,1,2,9,1,,4,3,parawada,0,,,NA,NA,NA,Tallapalem Junction,A cyclist  hit from back by a auto resulting his death before reaching hospital.,,
479,60428,Vijay,09/10/2012,1,63,Vizag,00/01/1900,28/04/2010,3,0,9,3,1,0,1,1,1,2,9,1,,4,0,Parawada,0,,,NA,NA,N.H 5 Road,Near Salapuvanipalem,A Pedestrian hit from back by a Vehicle(Tata Ace) resulting her death on the spot.,,
480,60429,Vijay,09/10/2012,1,54,Vizag,00/01/1900,16/04/2010,5,0,9,3,1,0,1,1,1,2,9,1,,4,8,Parawada,0,,,NA,NA,N.H 5 Road,Near Mardimambe temple,A padestrian hit by a Car resulting his death before reaching hospital.,,
481,60430,Vijay,09/10/2012,1,43,Vizag,00/01/1900,28/03/2010,7,1,9,3,1,2,1,1,1,2,9,1,,4,8,Parawada,1,,,NA,NA,NA,Opp.PBL Transport Co.,A motorcycle hit a padestrian resulting his death on the spot.Due to this the motorcycle rider and his pillion rider both got injured.,,
482,60431,Vijay,09/10/2012,1,33,Vizag,00/01/1900,03/01/2010,1,0,9,3,1,0,1,1,1,2,9,1,,4,3,Parawada,0,,,NA,NA,NA,Desa Pathrunipalem Dr.Gayatrii House,A padestrian hit by a Motorcylce resulting his death before reaching hospital.,,
483,60432,Vijay,09/10/2012,1,30,Vizag,00/01/1900,22/02/2010,1,0,9,3,1,1,2,3,1,2,9,1,,4,9,Parawada,0,,,NA,NA,NA,ganpathi Pipe spun Company,A motorcycle hit from back by a car.The Pillion rider of the 2-wheeler died before reaching hospital nad rider was injured.,,
484,60433,Vijay,09/10/2012,1,25,Vizag,00/01/1900,14/02/2010,7,1,9,3,1,1,2,3,1,2,9,1,,4,4,parawada,0,,,NA,NA,NA,Tirupathi Company,A tipper lorry hits a auto.One of the auto passenger died before reaching hospital and driver of auto got injured.,,
485,60434,Vijay,09/10/2012,1,18,Vizag,00/01/1900,02/02/2010,2,0,9,3,1,0,1,1,1,2,9,1,,4,15,Parawada,0,,,NA,NA,NA,Gondivanipalem,A Pedestrian hit by van resulting his death on the spot.,,
486,60435,Vijay,09/10/2012,1,1,Vizag,00/01/1900,01/01/2008,2,1,9,3,1,0,1,1,1,2,9,1,,4,3,II town,0,,,NA,Taj Hotal,NA,Grandbay Hotel,A Pedestrian hit by motorcycle resulting his death in the hospital during the medical treatment .,,
487,60436,Vijay,09/10/2012,1,17,Vizag,00/01/1900,15/02/2008,5,0,9,3,1,2,2,99,1,2,9,1,,4,3,II town,1,,,NA,RTC Complex,NA,Near Chandana Bus Stop,"A passenger auto hit by a Lorry.Due to this, one of the auto passenger fell off on the road and died on the spot while driver of the auto and another passenger suffered several injuries.",,
488,60437,Vijay,09/10/2012,1,43,Vizag,00/01/1900,22/04/2008,2,0,9,3,1,2,1,7,1,2,9,1,,4,3,II town,1,,,NA,Jagdamba Junction,NA,GVMC Office,"Due to sudden brakes applied by auto driver, the auto overtrun.One of the passenger injured and taken to hospital where she declared as dead.Another 2 passenger also injured.",,
489,60438,Vijay,09/10/2012,1,51,Vizag,00/01/1900,20/05/2008,2,1,9,3,1,0,1,1,1,2,9,1,,4,3,II town,0,,,NA,Costal Battery junction,NA,AU Ladies Hostel,A Pedestrian hit by auto resulting her death in the hospital during the medical treatment .,,
490,60439,Vijay,09/10/2012,1,85,Vizag,00/01/1900,14/09/2008,7,1,9,3,1,0,1,1,1,2,9,1,,4,2,II Town,0,,,NA,Adwani Junction,Kobbarithota,Sulab Complex,"A padestrian(Child,5 yrs) hit by a bus resulting his death on the spot.",,
491,60440,Vijay,09/10/2012,1,115,Vizag,00/01/1900,27/12/2008,6,0,9,3,1,0,1,1,1,2,9,1,,4,0,II Town,0,,,NA,Pen School,Dabagardens,BSNL Office,A padestrian hit by a motorcycle resulting his death before reaching hospital.,,
492,60441,Vijay,09/10/2012,1,111,Vizag,00/01/1900,20/12/2008,6,0,9,3,1,0,1,1,1,2,9,1,,4,1,II Town,0,,,NA,RTC Complex,NA,LIC Building,A padestrian hit by a Car resulting his death before reaching hospital.,,
493,60442,Vijay,09/10/2012,1,21,Vizag,00/01/1900,17/02/2007,6,0,9,3,1,1,2,99,1,2,9,1,,4,2,II Town,0,,,NA,GollalaPalem Junction,Near Piyudh College,Opp. Zoom Bazar and restaurent,A motorcycle hit by a bus.Motorcyclist died on the spot and its pillion rider suffered injuries.,,
494,60443,Vijay,09/10/2012,1,23,Vizag,00/01/1900,03/01/2007,4,0,9,3,1,0,1,1,1,2,9,1,,4,2,II Town,0,,,NA,Ambedkar Statue,NA,Old jail road area,A padestrian hit by a Car resulting his death on the spot.,,
495,60444,Vijay,09/10/2012,1,37,Vizag,00/01/1900,27/03/2007,2,0,9,3,1,0,1,1,1,2,9,1,,4,2,II Town,0,,,NA,RTC Complex,NA,Dwarka Outpost Police station,A padestrian hit by a Bus resulting his death on the spot.,,
496,60445,Vijay,09/10/2012,1,62,Vizag,00/01/1900,27/05/2007,7,1,9,3,1,0,2,2,1,2,9,1,,4,2,II Town,0,,,NA,Civil Defence,NA,Opp. Rajeshwari Paintings,A  moped hit by  motorcycle.resulting moped driver died during the medical treatment .,,
497,60446,sunil,09/10/2012,1,65,Vizag,00/01/1900,06/02/2007,6,0,9,3,1,0,1,1,1,2,9,1,,4,0,II town,0,,,NA,centre point hotel,NA,B S N L Office,A Pedestrian hit by lorry .after the accident pedestrian died during the medical treatment .,,
498,60447,sunil,10/10/2012,1,78,Vizag,00/01/1900,25/06/2007,1,0,9,3,1,0,1,1,1,2,9,1,,4,0,II town,0,,,NA,alli puram,south jail road,federal bank,A Pedestrain hit by motorcycle .resulting died the pedestrain during the medical treatment .,,
499,60448,sunil,10/10/2012,1,97,Vizag,00/01/1900,09/01/2007,6,0,9,3,1,0,1,1,1,2,9,1,,4,2,II town,0,,,NA,NA,inside rtc complex,no.2 plate form,A Pedestrian hit by Bus resulting his death on the spot .,,
500,60449,sunil,10/10/2012,1,109,Vizag,00/01/1900,10/10/2007,3,0,9,3,1,0,1,10,3,2,9,1,,4,3,II town,1,,,NA,NA,BEACH ROAD,COASTAL ROAD,A Women going in bus after that she fell down resulting her death on the spot.,,