Accident ID,Form No,Filled By,Filled Date,Police Report Available,FIR No,City/Town/Village Name,Time of Accident,Date of Accident,Day of Accident,Holiday,Hit and Run,Accident Severity,No of Fatalities,No of Injured,No of vehicles,Collision Type,Collision Spot,Type of Road,Divider,Location,Light Condition,Road Catagory,Distance,Police Station,Special Case,Global Position(Latitude),Global Position (Longitude),Road 1,Road 2,Road 3,Landmark,Note,Accused Vehicle Coming From,No of Occupant
501,60450,sunil,10/10/2012,1,130,Vizag,00/01/1900,14/12/2007,5,0,9,3,2,0,2,99,1,2,9,1,,4,2,II town,0,,,NA,alli puram,D R M OFFICE JUNCTION,,A motorcycle hit by lorry resulting both are died passenger and driver on the spot .,,
502,60451,sunil,10/10/2012,1,134,Vizag,00/01/1900,21/12/2007,5,0,9,3,1,0,1,10,1,2,9,1,,4,2,II town,1,,,NA,6 A Plait form,NA,rtc complex,A Passanger fell down from bus resulting his death on the spot .,,
503,60452,sunil,10/10/2012,1,136,Vizag,00/01/1900,24/12/2007,1,0,9,3,1,1,2,1,1,2,9,1,,4,2,II town,0,,,NA,donda perthi,NA,railway station out gate,A motorcycle hit by lorry resulting passanger death on the spot and driver has  injured .,,
504,60453,sunil,10/10/2012,1,216,Vizag,00/01/1900,11/08/2010,1,0,9,3,1,0,2,99,1,2,9,1,,4,1,II town,0,,,NA,NA,NA,gollala palem junction,A motorcyclist  hit by auto resulting his death on the spot .,,
505,60454,sunil,10/10/2012,1,132,Vizag,00/01/1900,31/08/2010,2,0,9,3,1,0,1,1,1,2,9,1,,4,1,II town,0,,,NA,NA,CHAVULA MADHUM,railway under bridge,A pedestrain hit by bus resulting his death on the spot,,
506,60455,sunil,10/10/2012,1,68,Vizag,00/01/1900,,9,9,9,3,1,0,1,1,9,2,9,1,,4,0,II town,0,,,NA,NA,NA,CHAKALI PETA OPISIT CENTER POIT HOTEL,A Pedestrain hit by unknown vichle resulting his death on the spot .,,
507,60456,sunil,10/10/2012,1,30,Vizag,00/01/1900,02/02/2010,2,0,9,3,1,0,1,1,9,2,9,1,,4,2,II town,0,,,NA,NA,CMR SHOPPING MALL,Dist. Judge corte,A Pedestrian hit by Motorcycle  resulting his death on the spot.,,
508,60457,sunil,10/10/2012,1,200,Vizag,00/01/1900,11/01/2010,1,0,9,3,1,0,1,1,9,2,9,1,,4,1,II town,0,,,NA,NA,chavulamadhum,Ambica bar and restarunte,A Pedestrian hit by lorry resulting his death on the spot.,,
509,60458,sunil,10/10/2012,1,91,Vizag,00/01/1900,22/07/2010,4,0,9,3,1,0,1,1,9,2,9,1,,4,0,II town,0,,,NA,NA,Dabagardens,vilan showroom,A pedestrain hit by bus resulting his death on the spot .,,
510,60459,sunil,10/10/2012,1,131,Vizag,00/01/1900,31/08/2010,2,0,9,3,1,0,1,1,9,2,9,1,,4,2,II town,0,,,NA,NA,NA,collector office,A pedestrain hit water trunker resulting his death on the spot .,,
511,60460,sunil,10/10/2012,1,151,Vizag,00/01/1900,09/11/2010,6,0,9,3,1,0,1,1,9,2,9,1,,4,1,II town,0,,,NA,NA,railway market,Kaki polayya scrap shop,a pedestrain hit by lorry  resulting his death on the spot .,,
512,60461,sunil,10/10/2012,1,75,Vizag,00/01/1900,20/06/2009,6,0,9,3,1,0,1,1,1,2,9,1,,4,2,II town,0,,,NA,NA,durga colony,srinu tabacco shop,A pedestrain hit by at crossing time resulting his death during the medical treatment .,,
513,60462,sunil,10/10/2012,1,85,Vizag,00/01/1900,24/07/2009,5,0,9,3,1,0,1,1,1,2,9,1,,4,2,II town,0,,,NA,collector office,maharnipeta,apex hospital collector office down,A pedestrain hit by  bus resulting his death on spot .,,
514,60463,sunil,10/10/2012,1,61,Vizag,00/01/1900,28/05/2010,5,0,9,3,1,0,1,1,1,2,9,1,,4,0,II town,0,,,NA,NA,OLD JAIL ROAD,AMBEDKAR CIRCLE,A pedesatrain hit by unknown vechile  resulting her death during the medical treatment.,,
515,60464,sunil,10/10/2012,1,405,Vizag,00/01/1900,20/10/2011,4,0,9,3,1,0,1,1,3,2,9,1,,4,1,II town,0,,,NA,NA,NA,railway station,A Pedestrian hit by unknown vehicle resulting his death on the spot .,,
516,60465,sunil,10/10/2012,1,397,Vizag,00/01/1900,15/10/2011,6,0,9,3,1,0,1,1,1,2,9,1,,4,1,II town,0,,,NA,CMR SHOPPING MALL,singh hotel junction,pithani dibba,A PEDESTRAIN HIT BY CAR RESULTING HIS  DEATH BEFOR   REACHING  HOSPITAL .,,
517,60466,sunil,10/10/2012,1,264,Vizag,00/01/1900,16/07/2011,6,0,9,3,1,0,1,1,1,2,9,1,,4,0,II town,0,,,NA,Jagdamba Junction,singh hotel junction,surya multi spesialty dental hospital,A Pedestrian hit by motorcycle  resulting his death in the hospital during the medical treatment .,,
518,60467,sunil,10/10/2012,1,157,Vizag,00/01/1900,08/08/2007,3,0,9,3,1,0,2,3,1,2,9,1,,4,10,Parawada,0,,,NA,NA,N.H 5 Road,NA,A motorcycle  hit by a lorry . person died before reaching hospital .,,
519,60468,Vijay,10/10/2012,1,25,Vizag,00/01/1900,02/08/2008,5,0,9,3,1,0,2,99,1,2,9,1,,4,0,Gopalapatnam,0,,,NA,NA,Main Road,Opp. Sri Shantiniketan School,A cyclist  hit  by a unknown vehicle resulting his death in the hospital during medical treatment.,,
520,60469,Vijay,10/10/2012,1,63,Vizag,00/01/1900,31/03/2008,1,0,9,3,1,0,1,1,1,2,9,1,,4,1,Gopalapatnam,0,,,NA,NA,Main Road,Opp. Sri Chaitanya Woman College,A Pedestrian hit by auto from back side resulting his death on the spot,,
521,60470,Vijay,10/10/2012,1,73,Vizag,00/01/1900,15/04/2008,2,0,9,3,2,0,2,2,1,2,9,1,,4,2,Gopalapatnam,0,,,NA,NAD kotha road,NA,Main Road  GOPALAPATNAM Petrol Pump,A motorcycle collide with an lorry in head on collision.The motorcycle rider died on the spot and its pillion rider died during medical treatment in hospital.,,
522,60471,sunil,11/10/2012,1,86,Vizag,00/01/1900,05/06/2007,7,1,9,3,1,0,1,1,1,2,9,1,,4,2,Gopalapatnam,0,,,NA,Simhachalam,simhadrinagar,MAIN ROAD,A Pedestrian hit by Auto  resulting his death in the hospital during the medical treatment .,,
523,60472,sunil,11/10/2012,1,113,Vizag,00/01/1900,30/05/2007,3,0,9,3,1,0,2,1,1,2,9,1,,4,5,Gopalapatnam,0,,,NA,NA,Simhachalam Road,Balajinagar bus stop,A Van hit by lorry resulting death the van  driver on the spot .,,
524,60473,sunil,11/10/2012,1,159,Vizag,00/01/1900,08/10/2007,4,0,0,3,1,1,1,1,1,2,9,1,,4,2,Gopalapatnam,0,,,NA,Vepagunta,NA,Near Chaitanya residential college,A pedestrian hit by motorcycle resulting he was dead due to head injury and rider of motorcycle in still unconsious position.,,
525,60474,sunil,11/10/2012,1,182,Vizag,00/01/1900,19/09/2007,3,0,9,3,1,0,2,99,1,2,9,1,,4,1,Gopalapatnam,0,,,NA,NAD Kotha road,Main road,Opposite sri Nookaalamma tample,A Motorcyclre hit by mini bus resulting his dead on the spot .,,
526,60475,sunil,11/10/2012,1,191,Vizag,00/01/1900,10/06/2007,6,0,9,3,1,0,1,1,1,2,9,1,,4,1,Gopalapatnam,0,,,NA,Vepagunta,Main road,Opposite Jagadamba sweet shop,A Pedestrian hit by RTC Bus  resulting his death on the spot .,,
527,60476,sunil,11/10/2012,1,204,Vizag,00/01/1900,25/10/2007,4,0,9,3,1,0,2,2,1,2,9,1,,4,1,Gopalapatnam,0,,,NA,NAD Kotha road,Copalapatnam,Main road,A Pedestrian hit by Oil Tanker resulting the motor cyclist died on the spot .,,
528,60477,sunil,11/10/2012,1,44,Vizag,00/01/1900,03/06/2007,2,0,9,3,1,1,2,2,2,2,9,1,,4,2,Gopalapatnam,0,,,NA,NA,Main road,Near DTS Digtal,A Motorcycle hit by another motorcycle resulting pillion rider dead under going treatment. And rider are injured.,,
529,60478,sunil,11/10/2012,1,85,Vizag,00/01/1900,05/06/2007,7,1,9,3,1,0,2,2,1,2,9,1,,4,3,Gopalapatnam,0,,,NA,Gopalapatnam,Prahladapuram,Near lankanagar main road,A auto hit the motercyle and the motercyclys fell on the road and died during medical treatment.,,
530,60479,sunil,11/10/2012,1,2,Vizag,00/01/1900,26/12/2007,3,0,9,3,1,0,2,99,1,2,9,1,,4,2,Gopalapatnam,0,,,NA,NA,Near paradesamma Tample,Kothapalem,A Cycle hit by motorcycle resulting her death during the medical treatment .,,
531,60480,sunil,11/10/2012,1,9,Vizag,00/01/1900,17/01/2008,4,0,9,3,1,0,2,2,1,2,9,1,,4,3,Gopalapatnam,0,,,NA,NA,Simhachalam Road,Srinivasanagar,A Motorcycle hit by another motorcycle resulting II motorcycle passenger death during the medical treatment .,,
532,60481,sunil,11/10/2012,1,78,Vizag,00/01/1900,24/04/2008,4,0,9,3,1,0,1,2,9,2,9,1,,4,3,Gopalapatnam,0,,,NA,NA,Prahladapuram,Prahldapuram near Saibaba tample,A pedestrian hit by Auto he was crosing the road resulting which he fell down on the road after that he dead during the medical treatment .,,
533,60482,sunil,11/10/2012,1,89,Vizag,00/01/1900,05/12/2008,1,0,9,3,1,0,1,2,1,2,9,1,,4,2,Gopalapatnam,0,,,NA,NA,Simhachalam Road,Opposite Gunturu Vari Sri Shiridi Sai Mess,A Lady pedestrian hit by motorcycle she was crossing the road resulting her death during the  medical treatment.,,
534,60483,sunil,11/10/2012,1,117,Vizag,00/01/1900,05/07/2008,6,0,9,3,1,0,1,1,1,2,9,1,,4,1,Gopalapatnam,0,,,NA,NAD Kotha road,Gopalapatnam,gopalapatnam junction,"A Scooter hit the pedestrian ,while he was crossing the road ,as resulting he injured and died during the treatment.",,
535,60484,sunil,12/10/2012,0,167,Vizag,00/01/1900,19/09/2008,5,0,9,3,1,0,2,2,1,2,9,1,,4,1,Gopalapatnam,1,,,NA,NA,Main road,Totapolamma Tample,A Auto hit by another  Auto .one Auto fall on pedestrian resulting his during medical treatment .,,
536,60485,sunil,12/10/2012,1,8,Vizag,00/01/1900,01/05/2007,5,0,9,3,1,0,1,1,1,2,9,1,,4,3,Malkapuram,0,,,NA,Sri Haripuram,NA,Sriharipuram,A Pedestrian hit by MOTORCYCLE resulting his death in the hospital during the medical treatment .,,
537,60486,sunil,12/10/2012,1,37,Vizag,00/01/1900,02/07/2007,3,0,9,3,1,0,2,2,1,2,9,1,,4,6,Malkapuram,0,,,NA,Naval Dockyard,Naval Docyard,Near Maruti Godowns,A cyclist  hit by Lorry resulting his death in the hospital during medical treatment.,,
538,60487,sunil,12/10/2012,1,67,Vizag,00/01/1900,03/03/2007,6,1,9,3,1,0,1,1,1,2,9,1,,4,4,Malkapuram,0,,,NA,Gajuwaka,Sri Haripuram,Opp. Anuradha Traders,A Pedestrian hit by truck resulting his death on the spot .,,
539,60488,sunil,12/10/2012,1,90,Vizag,00/01/1900,04/09/2007,1,1,9,3,1,1,1,1,1,2,9,1,,4,0,Malkapuram,0,,,NA,NA,Mallakapuram,Naval Dockyard,two  Pedestrian hit by lorry  resulting one is death on the spot and one injured.,,
540,60489,Sunil,12/10/2012,1,105,Vizag,00/01/1900,05/05/2007,6,0,9,3,1,0,1,1,9,2,9,1,,4,2,Malkapuram,0,,,NA,NA,Scindia,Disposal Yard,A pedestrain hit by TATA HITACHI resulting his death during the medical treatment.,,
541,60490,Sunil,12/10/2012,1,146,Vizag,00/01/1900,30/06/2007,6,0,9,3,1,2,1,1,1,2,9,1,,4,3,Malkapuram,0,,,NA,Sri Haripuram,Ramkrishna junction,Opp. HPCL Labour Gate,A Pedestrain hit by motorcycle resulting pedestrain only injured but one pillion rider dead during the medical treatment and one is injured .,,
542,60491,sunil,12/10/2012,1,162,Vizag,00/01/1900,21/07/2007,6,0,9,3,1,0,2,3,1,2,9,1,,4,6,Malkapuram,0,,,NA,Convent Junction,Naval Docyard,Near Naval Dockyard Bridge,A motorcyclist hit from back by lorry resulting his death during the medical treatment .,,
543,60492,sunil,12/10/2012,1,165,Vizag,00/01/1900,21/07/2007,6,0,9,3,1,1,2,2,1,2,9,1,,4,6,Malkapuram,0,,,NA,Covent Junction,NA,Near INS Dega,A motorcycle hit by lorry  resulting rider dead on the spot and pillion rider are injured .,,
544,60493,sunil,12/10/2012,1,166,Vizag,00/01/1900,22/07/2007,7,1,9,3,1,0,1,1,1,2,9,1,,4,0,Malkapuram,0,,,NA,Mallkapuram,NA,Opp.Malkapuram police station,A padestrian hit by a BUS resulting his death before reaching hospital.,,
545,60494,sunil,12/10/2012,1,240,Vizag,00/01/1900,10/06/2007,6,0,9,3,1,0,2,2,1,2,9,1,,4,1,Malkapuram,0,,,NA,Scindia,Malkapuram Main Road,Opp.Kendria Vidyalayam,A cyclist  hit by van  resulting his death before reaching hospital .,,
546,60495,sunil,12/10/2012,1,242,Vizag,00/01/1900,10/06/2007,6,0,9,3,1,0,1,1,1,2,9,1,,4,2,Malkapuram,0,,,NA,NA,Malkapuram Main Road,Near Anjaneya Swamy temple,A padestrian hit by a lorry resulting his death before reaching hospital.,,
547,60496,sunil,12/10/2012,1,4,Vizag,00/01/1900,13/01/2008,7,1,9,3,1,0,2,2,1,2,9,1,,4,5,Malkapuram,0,,,NA,SCINDIA,NA,Near Naval DOCKYARD,A motorcyclist hit by a bus resulting his death on the spot.,,
548,60497,Vijay,15/10/2012,1,50,Vizag,00/01/1900,03/09/2008,7,1,9,3,1,0,2,2,1,2,9,1,,4,4,Malkapuram,0,,,NA,Scindia junction,Naval Docyard,Near Electrical sub station,"A motorcycle and passenger auto collide in a head on collision.Due to this collision, the motorcyclist dead on the spot.",,
549,60498,Vijay,15/10/2012,1,65,Vizag,00/01/1900,22/03/2008,6,1,9,3,1,0,2,2,1,2,9,1,,4,2,Malkapuram,0,,,NA,Scindia,Ram Krishna puram Junction,Near St. Joseph School,A car and a motorcycle collide in a head on collision.The motorcyclist died in the hospital during medical treatment.,,
550,60499,Vijay,15/10/2012,1,55,Vizag,00/01/1900,23/03/2008,7,1,9,3,1,0,1,1,1,2,9,1,,4,0,Malkapuram,0,,,NA,Sri Haripuram,Mallkapuram police station,Shankar tea shop,A Pedestrian hit by motorcycle resulting his death in the hospital during the medical treatment .,,
551,60500,Vijay,15/10/2012,1,87,Vizag,00/01/1900,26/04/2008,6,0,9,3,1,2,2,99,1,2,9,1,,4,6,Malkapuram,0,,,NA,Sheela Nagar,Near Naval Dockyard,Opp. INS Dega Gate,A lorry(A) hit by another lorry(B).The driver of lorry(A) died on the spot and one of its passenger injured whereas dirver of lorry(B) also got injured.,,
552,60501,Vijay,15/10/2012,1,117,Vizag,00/01/1900,18/06/2008,3,0,9,3,1,0,1,1,1,2,9,1,,4,5,Malkapuram,0,,,NA,NA,Naval Docyard,Bulb Line Godown,A lorry went over by a padestrian resulting his dead in the hospital during medical treatment.,,
553,60502,Vijay,15/10/2012,1,129,Vizag,00/01/1900,07/02/2008,3,0,9,3,1,1,1,1,1,2,9,1,,4,1,Malkapuram,0,,,NA,Mallkapuram,Gandhi gram,Opp. Gate NO-3 Scindia staff quarters,2 Padestrian hit by a motorcycle.One of the padestrian died and other one injured,,
554,60503,Vijay,15/10/2012,1,26,Vizag,00/01/1900,26/06/2008,5,0,9,3,1,0,2,2,1,2,9,1,,4,6,Malkapuram,0,,,NA,Convent Junction,maruthi circle,INS Dega,"A motorcycle hit by a lorry.Due to this, the pillion rider fell off on the ground and died on the spot.",,
555,60504,Vijay,15/10/2012,1,231,Vizag,00/01/1900,11/11/2008,2,0,9,3,1,0,2,2,1,2,9,1,,4,2,Malkapuram,0,,,NA,Ship yard,lova gardens,Near Durga Temple,"A cyclist collide with a jeep in head on collision.Due to this ,the cyclist died on the spot.",,
556,60505,Vijay,15/10/2012,1,135,Vizag,00/01/1900,24/11/2008,1,1,9,3,1,0,2,4,1,2,9,1,,4,7,Malkapuram,0,,,NA,INS dega,NA,Near INS Dega,"A auto hit by a trailer.Due to this collision,the auto driver died on the spot.",,
557,60506,Vijay,15/10/2012,1,261,Vizag,00/01/1900,29/12/2008,1,0,9,3,1,0,2,2,1,2,9,1,,4,6,Malkapuram,0,,,NA,Dockyard bridge,Naval Docyard,Vijay Nagar Gate,A cyclist collide with a auto in head on collision.The cyclist taken to hospital where he declared as dead.,,
558,60507,Vijay,15/10/2012,1,474,Vizag,00/01/1900,12/04/2011,7,1,9,3,1,0,2,99,1,2,9,1,,4,0,II Town,0,,,NA,NA,NA,NA,A motorcycle(A) collide with another motorcycle(B).A person sitting on motorcycle(A) died on the spot due to serious injuries caused to him.,,
559,60508,Vijay,15/10/2012,1,2,vizag,00/01/1900,01/07/2011,5,0,9,3,1,0,1,1,1,2,9,1,,4,9,Parawada,0,,,NA,NA,N.H 5 Road,Near Thandavalaxmi Eng. Works,A Pedestrian hit by auto resulting his death on the spot.,,
560,60509,Vijay,15/10/2012,1,18,Vizag,00/01/1900,17/02/2011,4,0,9,3,1,0,1,1,1,2,9,1,,4,9,Parawada,0,,,NA,NA,NH5 lankelapalem,Opp. Ganesh Timber depot,A padestrian hit by a motorcycle resulting his death before reaching hospital.,,
561,60510,Vijay,15/10/2012,1,16,Vizag,00/01/1900,02/12/2011,6,0,9,3,1,0,1,1,1,2,9,1,,4,8,Parawada,0,,,NA,NA,NH5 Lankelapalem,Opp. Nelluru Mess,A padestrian hit by a lorry resulting his death before reaching hospital.,,
562,60511,Vijay,15/10/2012,1,14,Vizag,00/01/1900,02/09/2011,3,0,9,3,1,0,1,1,1,2,9,1,,4,1,Parawada,0,,,NA,NA,NA,Chinthalagolevanipalem,A padestrian hit by a auto resulting his death before reaching hospital.,,
563,60512,Vijay,15/10/2012,1,8,Vizag,00/01/1900,22/01/2011,6,0,9,3,1,2,2,2,1,2,9,1,,4,8,Parawada,0,,,NA,NA,Vadacheepurupalli,Opp. Masavarapu simhachalan Shopping complex,A Passenger auto collide with a crane in head on collision.One of the passenger died before reaching hospital and driver of the auto and another passenger got injured.,,
564,60513,Vijay,15/10/2012,1,45,Vizag,00/01/1900,03/03/2011,2,0,9,3,1,0,1,1,1,2,9,1,,4,14,Parawada,0,,,NA,NA,Dalaipalem Vadachepurupalli,DRDO Road work,A padestrian hit by a Road Roller resulting his death before reaching hospital.,,
565,60514,Vijay,15/10/2012,1,68,Vizag,00/01/1900,06/01/2011,3,0,9,3,1,1,2,4,1,2,9,1,,4,8,Parawada,0,,,NA,NA,NA,Lankelapalem HP petrol pump,A motorcycle hit by a passenger auto from left side.The motorcyclist got injured and its pillion rider died before reaching hospital.,,
566,60515,Vijay,15/10/2012,1,56,vizag,00/01/1900,05/06/2011,5,0,9,3,1,0,2,4,2,2,9,1,,4,10,Parawada,0,,,NA,NA,N.H 5 Road,E Maripalem Bus Stop,A scooter hit by a lorry at the time of making turn on road junction.The driver of the scooter died on the spot.,,
567,60516,Vijay,15/10/2012,1,31,Vizag,00/01/1900,21/03/2011,1,0,9,3,1,0,1,10,1,2,9,1,,4,12,Parawada,1,,,NA,NA,N.H 5 Road,E Marripalem,"Due to saree stuck in the rear wheel of the motorcycle, the pillion rider fell off on the ground.After that,the pillion rider taken to hospital where she declared as dead.",,
568,60517,Vijay,15/10/2012,1,4,Vizag,00/01/1900,17/01/2011,1,0,9,3,1,1,2,2,1,2,9,1,,4,0,parawada,0,,,NA,NA,Parawada mandi,Gowthu Latchanna,A motorcycle collide with a auto in a head on collision.The motorcyclist died before reaching hospital and its pillion rider got injured.,,
569,60518,Vijay,15/10/2012,1,3,Vizag,00/01/1900,01/11/2011,2,1,9,3,1,0,1,1,1,2,9,1,,4,5,Parawada,0,,,NA,NA,NA,Opp. Telephone Exchange buliding lankelapalem,A Pedestrian hit by lorry resulting his death on the spot.,,
570,60519,Vijay,15/10/2012,1,22,Vizag,00/01/1900,09/03/2008,7,1,9,3,1,1,2,3,1,2,9,1,,4,5,Parawada,0,,,NA,NA,NA,Al Glo Company,"A motorcyclist hit by a tractor on its rear side.The motorcyclist died on the spot,whereas its pillion rider got injured.",,
571,60520,Vijay,15/10/2012,1,67,Vizag,00/01/1900,31/05/2008,6,0,9,3,1,0,1,1,1,2,9,1,,4,8,Parawada,0,,,NA,NA,N.H 5 Road,Salapuyamipalem,A padestrian hit by a lorry resulting his death before reaching hospital.,,
572,60521,Vijay,16/10/2012,1,83,Vizag,00/01/1900,23/06/2008,1,0,9,3,1,0,2,2,1,2,9,1,,4,10,Parawada,0,,,NA,NA,N.H 5 Road,Thadi Three adverts,A motorcycle collide with a tractor in head on collision.The motorcyclist died on the spot due to injuries caused to him.,,
573,60522,Vijay,16/10/2012,1,97,Vizag,00/01/1900,20/07/2008,7,1,9,3,1,0,2,4,1,2,9,1,,4,8,Parawada,0,,,NA,NA,N.H 5 Road,Lankelapalem Bus Stop,"A cyclist hit by a lorry on its left side.Due to this, the cyclist died on the spot.",,
574,60523,Vijay,16/10/2012,1,107,Vizag,00/01/1900,08/01/2008,5,0,9,3,1,0,1,1,1,2,9,1,,4,8,Parawada,0,,,NA,NA,NA,RK Layout Lankelapalem,A padestrian(sleeping) hit by a tractor resulting his death on the spot.,,
575,60524,Vijay,16/10/2012,1,109,Vizag,00/01/1900,02/03/2008,7,1,9,3,1,0,1,1,1,2,9,1,,4,8,Parawada,0,,,NA,NA,NH5 Lankelapalem,PBL transport,A lorry hits a padestrian resulting his death on the spot.,,
576,60525,Vijay,16/10/2012,1,130,Vizag,00/01/1900,16/09/2008,2,0,9,3,1,0,1,1,1,2,9,1,,4,10,Parawada,0,,,NA,NA,N.H 5 Road,E Marripalem,A padestrian hit by a lorry resulting his death before reaching hospital.,,
577,60526,Vijay,16/10/2012,1,151,Vizag,00/01/1900,11/03/2008,1,0,9,3,1,0,1,1,1,2,9,1,,4,8,Parawada,0,,,NA,NA,NA,Sri Rama Nagar Colony,A Pedestrian hit by lorry resulting his death on the spot.,,
578,60527,Vijay,16/10/2012,1,157,Vizag,00/01/1900,13/04/2008,4,1,9,3,1,1,1,7,1,2,9,1,,4,2,Parawada,0,,,NA,NA,NA,Gorhvanipalem,Due to overturning of jeep one of its female passenger died before reaching hospital and other female passenger admitted in the hospital.,,
579,60528,Vijay,16/10/2012,1,164,Vizag,00/01/1900,29/11/2008,6,0,9,3,1,11,1,7,1,2,9,1,,4,2,Parawada,1,,,NA,NA,NA,Goravanipalem Village,"Due to overspeeding and negligence of auto driver, the auto overturn due to which one of the female passenger died before reaching hospital and other 11 passenger got injured.",,
580,60529,Vijay,16/10/2012,1,182,Vizag,00/01/1900,29/12/2008,1,0,9,3,1,0,1,10,1,2,9,1,,4,8,Parawada,0,,,NA,NA,NA,lamkelaplem petrol pump,"Due to sudde brakes appllied by motorcyclist,its pillion rider fell off on the ground and died before reaching hospital.",,
581,60530,Vijay,16/10/2012,1,75,Vizag,00/01/1900,06/10/2008,2,1,9,3,1,0,1,1,1,2,9,1,,4,6,Parawada,0,,,NA,NA,NA,Lankelapalem Rly Gate,A padestrian hit by a lorry resukting his death in the hospital during treatment.,,
582,60531,Vijay,16/10/2012,1,58,Vizag,00/01/1900,05/03/2009,7,1,9,3,1,1,1,1,1,2,9,1,,4,3,Kancharapalem,0,,,NA,NA,N.H 5 Road,Thatichetlapalem,A lorry hit 2 padestrian in which one is dead on the spot and other one got injured.,,
583,60532,Vijay,16/10/2012,1,91,Vizag,00/01/1900,07/07/2009,2,1,9,3,1,0,1,1,1,2,9,1,,4,2,Kancharapalem,0,,,NA,Thatichetlapalem,N.H 5 Road,Punjab Hotel,A padestrian hit by a motorcycle resulting his death in the hospital during treatment.,,
584,60533,Vijay,16/10/2012,1,173,Vizag,00/01/1900,12/03/2009,4,0,0,3,1,0,1,10,1,2,9,1,,4,2,Kancharapalem,0,,,NA,NA,"NH5, opp Saibaba road",Kapparada,A unknown motorcyclist found dead due to unknown collsion made by himself.,,
585,60534,Vijay,16/10/2012,1,183,Vizag,00/01/1900,17/12/2009,4,0,0,3,1,0,1,10,1,2,9,1,,4,1,Kancharapalem,0,,,NA,NA,Burma Camp Junction,E-Seva at nookalamma Temple,A unknown motorcyclist found dead due to unknown collision made by himself.,,
586,60535,Vijay,16/10/2012,1,288,Vizag,00/01/1900,14/11/2010,7,1,9,3,1,0,1,10,1,2,9,1,,4,4,Kancharapalem,0,,,NA,NA,Kakininagar,NA,A unknown motorcyclist found dead due to unknown collision made by himself.,,
587,60536,Vijay,16/10/2012,1,277,Vizag,00/01/1900,11/10/2010,3,0,9,3,1,0,1,1,1,2,9,1,,4,3,Kancharapalem,0,,,NA,NA,Opp. Vigneshwara Temple,Main Road,A padestrian hit by a bus resulting his death on the spot.,,
588,60537,Vijay,16/10/2012,1,192,Vizag,00/01/1900,09/02/2010,4,0,9,3,1,0,1,1,1,2,9,1,,4,3,Kancharapalem,0,,,NA,NA,Opp. FCI Godowns,Kancharapalem Fly Overdown,A padestrian hit by a trailer resulting his death on the spot.,,
589,60538,Vijay,16/10/2012,1,5,Vizag,00/01/1900,01/04/2010,1,0,9,3,1,0,1,10,9,2,9,1,,4,3,Kancharapalem,0,,,NA,NA,N.H 5 Road,Opp. NSTL Gate,A unknown motorcyclist found dead due to unknown collision made by himself.,,
590,60539,Vijay,16/10/2012,1,150,Vizag,00/01/1900,20/07/2010,2,0,9,3,1,0,1,1,9,2,9,1,,4,5,Kancharapalem,0,,,NA,NA,N.H 5 Road,NAD Kotha Road Signal Point,A padestrian hit by a lorry resulting his death in the hospital after couple of days.,,
591,60540,Vijay,16/10/2012,1,147,Vizag,00/01/1900,18/07/2010,7,1,9,3,1,0,1,1,9,2,9,1,,4,5,Kancharapalem,0,,,NA,NA,N.H 5 Road,Opp. Electrical sub station Near R & B junction,A padestrian died after being hit by a motorcycle.,,
592,60541,Vijay,16/10/2012,1,131,Vizag,00/01/1900,07/03/2010,6,0,9,3,1,0,2,10,1,2,9,1,,4,4,Kancharapalem,0,,,NA,NA,N.H 5 Road,Sai Leela Food Paradise,A motorcyclist hit by a car resulting his death.,,
593,60542,Vijay,16/10/2012,1,45,Vizag,00/01/1900,30/03/2010,2,0,9,3,1,0,1,1,9,2,9,1,,4,3,Kancharapalem,0,,,NA,NA,NA,104 Area opp. To vinakaya statue,A padestrian died after being hit by a motorcycle.,,
594,60543,Vijay,16/10/2012,1,29,Vizag,00/01/1900,24/02/2010,3,0,9,3,1,0,1,99,9,2,9,1,,4,0,Kancharapalem,0,,,NA,NA,N.H 5 Road,Opp. Police station,"A motorcyclist involve in a accident,due to which he died during treatment while going under treatment.",,
595,60544,Vijay,16/10/2012,1,35,Vizag,00/01/1900,03/10/2010,3,0,9,3,1,0,1,10,9,2,9,1,,4,4,Kancharapalem,0,,,NA,NA,Opp. Baptish Church,Karasa,A unknown motorcyclist found dead due to unknown collision made by himself.,,
596,60545,Sunil,16/10/2012,1,14,Vizag,00/01/1900,20/01/2010,3,1,1,3,1,0,1,3,1,2,9,1,,4,1,Kancharapalem,0,,,NA,NA,NA,Opp. Kendriya Vidyalam,"Due to negligence of unknown vehicle driver, he lost his control over vehicle and collide with a divider, resulting his death on the spot.",,
597,60546,Vijay,16/10/2012,1,347,Vizag,00/01/1900,24/12/2010,5,1,9,3,1,0,1,1,9,2,9,1,9,4,2,Kancharapalem,0,,,NA,NA,Marripalem,Opp. To Sivalayam,A padestrian hit by a bus resulting his death on the spot.,,
598,60547,Vijay,17/10/2012,1,154,Vizag,00/01/1900,05/08/2011,7,1,9,3,1,0,1,1,1,2,9,1,,4,3,Kancharapalem,0,,,NA,NA,N.H 5 Road,Opp to sanjevayya Colony,A padestrian hit by a lorry resulting his death after couple of days.,,
599,60548,Vijay,17/10/2012,1,241,Vizag,00/01/1900,10/10/2010,7,1,9,3,1,0,1,1,9,2,9,1,,4,4,Kancharapalem,0,,,NA,NA,N.H 5 Road,Near Airport Junction,A padestrian hit by a unknown vehicle resulting his death.,,