Accident ID,Form No,Filled By,Filled Date,Police Report Available,FIR No,City/Town/Village Name,Time of Accident,Date of Accident,Day of Accident,Holiday,Hit and Run,Accident Severity,No of Fatalities,No of Injured,No of vehicles,Collision Type,Collision Spot,Type of Road,Divider,Location,Light Condition,Road Catagory,Distance,Police Station,Special Case,Global Position(Latitude),Global Position (Longitude),Road 1,Road 2,Road 3,Landmark,Note,Accused Vehicle Coming From,No of Occupant
600,60549,Vijay,17/10/2012,1,295,Vizag,00/01/1900,20/11/2010,6,0,9,3,1,0,1,1,9,2,9,1,,4,2,Kancharapalem,0,,,NA,NA,N.H 5 Road,Opp SBI ATM Golla Kancharapalem,A padestrian hit by a lorry resulting his death on the spot.,,
601,60550,Vijay,17/10/2012,1,315,Vizag,00/01/1900,12/09/2010,4,0,9,3,1,1,2,99,1,2,9,1,,4,1,Kancharapalem,1,,,NA,NA,NH5 Service Road,Dharmanagar and snjevayya colony 2,"One car hit another light motor vehicle(Tata Ace).One of the died and other one injured.After hitting, the car lost his control and collide with a electrical pole.",,
602,60551,Vijay,17/10/2012,1,182,Vizag,00/01/1900,21/08/2010,6,0,9,3,1,0,2,99,2,2,9,1,,4,6,Kancharapalem,0,,,NA,NA,N.H 5 Road,100 Mt. away from Airport Junction,A motorcycle hit by a lorry on road junciton.The pillion rider of motorcyle died on the spot due to several injuries caused to her.,,
603,60552,Vijay,17/10/2012,1,77,Vizag,00/01/1900,14/06/2008,6,0,0,3,1,4,1,7,1,2,9,1,,4,5,Parawada,1,,,NA,NA,NA,Bottavanipalem,"Due to negligence of auot driver,the vehicle overturned due to which on person died on the spot and other 4 were injured.",,
604,60553,Vijay,17/10/2012,1,160,Vizag,00/01/1900,16/09/2008,2,0,1,3,1,0,1,1,9,2,9,1,,4,1,Gopalapatnam,0,,,NA,NA,Main Road,Radha groundstore,"At the time of crossing the road, a padestrian hit by a unknown vehicle resulting her death on the spot.",,
605,60554,Vijay,17/10/2012,1,75,Vizag,00/01/1900,22/10/2009,4,0,9,3,1,1,2,2,1,2,9,1,,4,8,Padmanabham,0,,,NA,Na,NA,Chinnapuram Junction,A motorcycle collide with a lorry in head on collision.One of the person died due to serious and several injuries caused to him and other one got unconscious.,,
606,60555,Vijay,17/10/2012,1,77,Vizag,00/01/1900,27/10/2008,1,1,9,3,1,1,2,2,1,2,9,1,,4,0,Padmanabham,0,,,NA,NA,NA,Near Padmanabham Police station,A motorcycle collide with a bus in head on collision.The rider of 2-wheeler died on the spot wereas its pillion rider got injured.,,
607,60556,Vijay,17/10/2012,1,81,Vizag,00/01/1900,11/12/2008,3,0,9,3,1,0,1,1,9,2,9,1,,4,6,Padmanabham,0,,,NA,NA,NA,Vijayawada purma village,A padestrian hit by a motorcycle resulting his death before reaching hospital.,,
608,60557,Vijay,17/10/2012,1,89,Vizag,00/01/1900,27/12/2008,6,0,9,3,1,0,1,1,1,2,9,1,,4,8,Padmanabham,0,,,NA,NA,NA,Ananthapuram,A padestrian was hit by a tractor resulting his death on the spot.,,
609,60558,Vijay,17/10/2012,1,27,Vizag,00/01/1900,19/04/2007,4,0,9,3,1,0,1,10,9,2,9,1,,4,0,Padmanabham,0,,,NA,NA,NA,Kurapalli Junction,"A Person (male)  was killed accidentally in a metal-tractor accident,He was killed by when the tractor engine fell over him.",,
610,60559,Vijay,17/10/2012,1,40,Vizag,00/01/1900,24/04/2007,2,0,9,3,1,0,2,2,1,2,9,1,,4,5,Harbour,0,,,NA,NA,Port Area,Tolegate Near 'Y' Junction,"A motorcycle collide with a tipper lorry inhead on collision,while the lorry is driven in wring side by the driver.Due to this,the motorcyclist died on the spot.",,
611,60560,Vijay,17/10/2012,1,109,Vizag,00/01/1900,12/02/2007,7,1,9,3,1,0,1,1,1,2,9,1,,4,3,Harbour,0,,,NA,NA,Dock Area,Weat quay Berth No. 1,A Pedestrian hit by lorry resulting his death on the spot,,
612,60561,sunil,17/10/2012,1,85,Vizag,00/01/1900,15/09/2007,6,1,9,3,1,0,2,99,1,2,9,1,,4,5,Harbour,0,,,NA,NA,UNDER PLY OVER BRIDGE,"opp.to""ESSAR"" company main gate",A cyclist  hit by unknown vehicle resulting his death on the spot .,,
613,60562,sunil,17/10/2012,1,96,Vizag,00/01/1900,15/10/2007,1,0,9,3,1,0,1,1,3,2,9,1,,4,0,Harbour,0,,,NA,NA,Coast gard,Dumpyard of essar,A person crushed under lorry vehicle due to negligence of lorry driver resulting his death in the hospital during the treatment.,,
614,60563,Vijay,18/10/2012,1,55,Vizag,00/01/1900,08/09/2009,7,1,9,3,1,1,1,1,1,2,9,1,,4,0,Padmanabham,0,,,NA,NA,NA,Yanadri Pond,"2 padestrian(couple) were hit by auto.After hitting padestrian, the auto driver lost his control and collide with a nearby tree.The male person died the spot whereas his wife got injured.",,
615,60564,Vijay,18/10/2012,1,68,Vizag,00/01/1900,15/12/2011,4,0,9,3,1,1,1,1,1,2,9,1,,4,9,Padmanabham,0,,,NA,NA,Chinnapuram,Vijayanandapuram village,A car hit 2 padestrian.One person(male) died on the spot whereas other person(female) got injured.,,
616,60565,Vijay,18/10/2012,1,75,Vizag,00/01/1900,22/10/2009,4,0,9,3,1,1,2,2,1,2,9,1,,4,8,Padmanabham,0,,,NA,NA,NA,Chinnapuram junction,A motorcycle collide with lorry in head on collision.The motorcyclist died in the hospital whereas its pillion rider got injured.,,
617,60566,Vijay,18/10/2012,1,91,Vizag,00/01/1900,12/03/2009,4,0,9,3,1,0,2,3,1,2,9,1,,4,8,Padmanabham,0,,,NA,NA,NA,Near Govt. Hospital,A motorcycle hit from back by a three wheeler goods vehicle.Resulting the death of the Motorcyclist.,,
618,60567,Vijay,18/10/2012,1,15,Vizag,00/01/1900,27/03/2010,6,0,9,3,1,0,2,2,1,2,9,1,,4,2,Padmanabham,0,,,NA,NA,Padmanabham to bheemli road,Krishnapuram village,A motorcycle collide with auto rikshaw in head on collision.The motorcyclist died before reaching hospital.,,
619,60568,Vijay,18/10/2012,1,64,Vizag,00/01/1900,30/08/2010,1,0,9,3,1,0,2,3,1,2,9,1,,4,0,Padmanabham,0,,,NA,NA,Padmanabham,Padmanabham,"A cyclist hit from back by a lorry.After hitting the cyclist, the lorry driver ran over his vehicle over the cyclist body resulting his death on the spot.",,
620,60569,Vijay,18/10/2012,1,74,Vizag,00/01/1900,30/09/2010,4,0,9,3,1,1,1,10,1,2,9,1,,4,4,Padmanabham,0,,,NA,NA,Reddipalli,Reddipalli Theatre,One person died and one perosn got unconsious after fell off on the ground form bike due to skid of the motorcyle.,,
621,60570,Vijay,18/10/2012,1,1,Vizag,00/01/1900,01/07/2011,5,0,9,3,1,0,1,99,1,2,9,1,,4,8,Padmanabham,0,,,NA,NA,Vijayanandapuram,Vijayanandapuram,A motorcyclist fell off from its vehicle accidentally resulting his death.,,
622,60571,Vijay,18/10/2012,1,5,Vizag,00/01/1900,29/01/2011,6,0,9,3,1,0,1,99,1,2,9,1,,4,2,Padmanabham,0,,,NA,NA,NA,Near Kurapalli,A pillion rider of motorcycle fell off on the ground resulting her death.,,
623,60572,Vijay,18/10/2012,1,32,Vizag,00/01/1900,15/05/2011,7,1,9,3,1,1,1,10,1,2,9,1,,4,8,Padmanabham,0,,,NA,NA,NA,SC Colcny Chinnapuram junction,"Due to skid of motorcycle, the motorcyclist and its pillion rider fell off on the ground.The rider died before reaching hospital and pillion rider got injured.",,
624,60573,Vijay,18/10/2012,0,,Vizag,00/01/1900,10/09/2011,7,1,9,3,1,0,1,99,1,2,9,1,,4,0,Padmanabham,0,,,NA,NA,NA,Chinnapuram,A light motor vehicle hit a tree.The cleaner of the vechile died before reaching hospital due to several injuries caused to him.While the driver of the vehicle survived.,,
625,60574,Vijay,18/10/2012,1,7,Vizag,00/01/1900,15/01/2009,4,0,9,3,1,0,1,10,1,2,9,1,,4,0,Anandapuram,0,,,NA,NA,S.H 38 Road,,A person sitting in the auto accidentally fell down on the ground.due to this the person died on the spot.,,
626,60575,Vijay,18/10/2012,1,10,Vizag,00/01/1900,18/01/2009,7,1,9,3,1,0,1,1,1,2,9,1,,4,0,Anandapuram,0,,,NA,NA,N.H 5 Road,Anandapuram Bridge,A padestrian hit by a motorcycle from backside.The padestrian admitted to hospital where he later died.,,
627,60576,Vijay,18/10/2012,1,54,Vizag,00/01/1900,07/11/2009,6,0,9,3,1,0,1,1,1,2,9,1,,4,0,Anandapuram,0,,,NA,NA,N.H 5 Road,Anandapuram Bridge,A Pedestrian hit by car resulting his death on the spot.,,
628,60577,Vijay,18/10/2012,1,133,Vizag,00/01/1900,29/08/2009,6,0,9,3,1,2,1,99,1,2,9,1,,4,15,Anandapuram,0,,,NA,NA,NA,Sai Ram Layout Simchachalam,A bike having 3 person skid on the road resulting all of them were fell off on the ground.The pillion rider(female) died after taken to hospital and 2 were got injured.,,
629,60578,Vijay,18/10/2012,1,57,Vizag,00/01/1900,05/05/2009,2,0,9,3,1,0,1,1,1,2,9,1,,4,2,Anandapuram,0,,,NA,NA,N.H 5 Road,Vellanki Village,A padestrian(female) hit by a bus from backside.The person got died after some time.,,
630,60579,Vijay,18/10/2012,1,50,Vizag,00/01/1900,15/04/2009,3,0,9,3,1,0,1,10,1,2,9,1,,4,12,Anandapuram,0,,,NA,Na,Main Road,Bakurapalem,A person fell off from the loaded lorry resulting his death on the spot.,,
631,60580,Vijay,18/10/2012,1,93,Vizag,00/01/1900,20/07/2009,2,0,9,3,1,0,1,1,1,2,9,1,,4,3,Anandapuram,0,,,NA,NA,N.H 5 Road,Gambeeram Village,A padestrian hit by a unknown vehicle resulting his death on the spot.,,
632,60581,Vijay,18/10/2012,1,14,Vizag,00/01/1900,29/01/2009,4,0,9,3,1,1,1,1,1,2,9,1,,4,10,Anandapuram,0,,,NA,NA,S.H 38 Road,Satyam Village,"A padestrian hit by a auto.After hitting padestrian, the auto driver lost his control and turned over.The padestrian was taken to hospital where he declared as dead.The auto driver condition remain unknown.",,
633,60582,Vijay,18/10/2012,1,48,Vizag,00/01/1900,04/10/2009,5,1,9,3,2,0,2,99,1,2,9,1,,4,12,Anandapuram,0,,,NA,NA,NA,Boni Village,"A passenger auto hit by a lorry, resulting two female passenger of auto died on the spot.",,
634,60583,Vijay,18/10/2012,1,87,Vizag,00/01/1900,16/07/2009,4,0,0,3,2,0,2,99,1,2,9,1,,4,0,Anandapuram,0,,,NA,NA,N.H 5 Road,Anandapuram,A motorcycle collide with a lorry resulting both the vehicle driver died on the spot.,,
635,60584,Vijay,18/10/2012,1,16,Vizag,00/01/1900,02/02/2009,1,0,9,3,1,0,1,1,1,2,9,1,,4,0,Anandapuram,0,,,NA,NA,NA,Vemulavalsa,A padestrian(child) was hit by a lorry resulting her death on the spot.,,
636,60585,Vijay,18/10/2012,1,124,Vizag,00/01/1900,31/08/2009,1,0,9,3,1,0,1,1,1,2,9,1,,4,0,Anandapuram,0,,,NA,NA,NA,Regana Godam,A padestrian hit from back side by a motorcycle resulting his death on the spot.,,
637,60586,Vijay,18/10/2012,1,107,Vizag,00/01/1900,15/08/2009,6,1,0,3,1,1,1,1,1,2,9,1,,4,3,Anandapuram,0,,,NA,NA,N.H 5 Road,Vellanki Village,"A padestrian hit by motorcycle.After hitting padestrian, the motorcycle lost his control and fell off on the gorund and got injured.The padestrian taken to hospital where he declared as dead.",,
638,60587,Vijay,18/10/2012,1,160,Vizag,00/01/1900,11/01/2009,7,1,9,3,1,0,1,1,1,2,9,1,,4,1,Anandapuram,0,,,NA,NA,S.H 38 Road,Gummidivanipalem Village,"Due to negligence of the auot driver, the auto overturned.The passenger sitting in the auto got died on the spot.",,
639,60588,Vijay,19/10/2012,1,99,Vizag,00/01/1900,08/04/2009,2,0,9,3,2,998,1,1,1,2,9,1,,4,3,Anandapuram,1,,,NA,NA,N.H 5 Road,Bhimali Cross Road,Several padestrian hit by a jeep resulting 2 person died on the spot and other suffered various injuries.,,
640,60589,Vijay,19/10/2012,1,142,Vizag,00/01/1900,10/01/2009,4,0,9,3,1,0,2,99,1,2,9,1,,4,2,Anandapuram,0,,,NA,NA,N.H 5 Road,Vemulavalasa Village,A scooter collide with a parked lorry.The 2-wheeler rider died on the spot.,,
641,60590,Vijay,19/10/2012,1,100,Vizag,00/01/1900,08/07/2009,5,0,9,3,1,998,2,2,1,2,9,1,,4,2,Anandapuram,1,,,NA,NA,NH5 SH 38,Vellanki vemulavalasa,Two motorcycle collide in a head on collision.A person on motorcycle(B) died on the spot were other were injured.,,
642,60591,Vijay,19/10/2012,1,1,Vizag,00/01/1900,01/03/2009,6,0,9,3,1,0,2,99,1,2,9,1,,4,2,Anandapuram,0,,,NA,NA,N.H 5 Road,Anandapuram Bridge,"A motorcyclist hit by a lorry. Due to this,the motorcyclist lost his control and fell off on the ground resulting his death on the spot.",,
643,60592,Vijay,19/10/2012,1,127,Vizag,00/01/1900,09/09/2009,3,0,9,3,1,1,2,2,1,2,9,1,,4,2,Anandapuram,0,,,NA,NA,N.H 5 Road,Vemulavalasa,A motorcycle collide with a lorry in head on collision.The driver of the 2-wheeler got injured whereas its pillion rider died on the spot.,,
644,60593,Vijay,19/10/2012,1,60,Vizag,00/01/1900,13/05/2009,3,0,9,3,1,0,1,1,1,2,9,1,,4,5,Anandapuram,0,,,NA,NA,NH5 SH 38,BPCL Petrol Bunk,A padestrian hit by a unknown vehicle resulting her death on the spot.,,
645,60594,Vijay,19/10/2012,1,22,Vizag,00/01/1900,13/02/2009,5,0,9,3,1,0,2,3,1,2,9,1,,4,0,Anandapuram,0,,,NA,NA,N.H 5 Road,Vemulavalasa,A motorcyclist hit by a bus from back side.The motorcyclist died on the spot due to several injuries caused to him.,,
646,60595,Vijay,19/10/2012,1,82,Vizag,00/01/1900,18/03/2008,2,0,9,3,1,0,1,1,1,2,9,1,,4,1,III Town,0,,,NA,Old TBH,N.H 5 Road,Near RTC Depot Maddilapalem,A Pedestrian hit by motorcycle resulting his death on the spot.,,
647,60596,Vijay,19/10/2012,1,94,Vizag,00/01/1900,23/03/2008,7,1,9,3,1,0,2,3,1,2,9,1,,4,2,III Town,0,,,NA,Isukathota,N.H 5 Road,Opp. Avinash Showroom,A scooter hit by a bus from backside resulting his death on the spot.,,
648,60597,Vijay,19/10/2012,1,106,Vizag,00/01/1900,13/04/2008,7,1,9,3,1,1,1,99,1,2,9,1,,4,200,III Town,0,,,NA,Tanuku,N.H 5 Road,Khalederu Village,"Due to skid of auto, one of the auto passenger died and other one got injured.",,
649,60598,Vijay,19/10/2012,1,108,Vizag,00/01/1900,30/04/2008,3,0,9,3,1,0,2,2,1,2,9,1,,4,3,III Town,0,,,NA,Beach Road,Opp. Pragathi Parkline Residency,Bapuji Nagar Street Road junction,"A car and a motorcycle collide in a head on collision.Due to this, the motorcyclist died on the spot.",,
650,60599,Vijay,19/10/2012,1,110,Vizag,00/01/1900,05/11/2008,7,1,9,3,1,0,3,2,1,2,9,1,,4,3,III Town,1,,,NA,NA,Venkojipalem MVP Sec-2,Teja Apartment,"A motorcycle collide with auto in head on collision.Due to this, a boy siiting on 2-wheeler fell off other side of the road.A bus coming from other side ran over the boy resulting his death on the spot.",,
651,60600,Vijay,19/10/2012,1,128,Vizag,00/01/1900,06/09/2008,1,0,9,3,1,0,1,10,1,2,9,1,,4,3,III Town,0,,,NA,Pedda waltair,N.H 5 Road,Opp. Swarnamukhi Apartment,A motorcycle skid resulting death of the rider.,,
652,60601,Vijay,19/10/2012,1,131,Vizag,00/01/1900,06/10/2008,2,1,9,3,1,0,1,10,1,2,9,1,,4,3,III Town,0,,,NA,N.H 5 Road,N.H 5 Road,Venkioojipalem Truning,"A lorry collide with a divider.After hitting, the lorry turned over due to which one passenger of lorry fell off on the ground and died on the spot.",,
653,60602,Vijay,19/10/2012,1,160,Vizag,00/01/1900,08/02/2008,6,0,9,3,1,0,1,1,1,2,9,1,,4,0,III Town,0,,,NA,SripUram,Vidya Nagar,Rythu Bazar,A padestrian hit by a van resulting his death on the spot.,,
654,60603,Vijay,19/10/2012,1,170,Vizag,00/01/1900,16/08/2008,6,1,9,3,1,0,1,1,1,2,9,1,,4,1,III Town,0,,,NA,NA,Harbour park Approach road towards RK beach Road,Near Subbirami Reddy Guest House,A padestrian hit by a motorcycle resulting his death in the hospital during treatment.,,
655,60604,Vijay,19/10/2012,1,177,Vizag,00/01/1900,23/08/2008,6,0,9,3,1,0,1,1,1,2,9,1,,4,2,III Town,0,,,NA,Venkojipalem,MVP Double Road Junction,Krishna Mandiram,A Pedestrian hit by lorry resulting his death on the spot.,,
656,60605,Vijay,19/10/2012,1,194,Vizag,00/01/1900,30/09/2008,2,0,9,3,1,0,2,3,1,2,9,1,,4,2,III Town,0,,,NA,Appu Ghar,Beach Road,Near Vasupalli Vani palem,A cycle rickshaw hit from back by a motorcycle.the rickshaw puller died on the spot.,,
657,60606,Vijay,19/10/2012,1,200,Vizag,00/01/1900,10/11/2008,6,0,9,3,1,0,1,1,1,2,9,1,,4,3,III Town,0,,,NA,Samapth Vinayaka Temple Road,GVMC Ram Nagar Road,Dasaradha Encl. Apartment,"A padestrian hit by a car at the time of sleeping.After that,the person taken to hospital resulting his death during treatment.",,
658,60607,Vijay,19/10/2012,1,226,Vizag,00/01/1900,16/04/2008,3,0,9,3,1,0,1,1,1,2,9,1,,4,2,III Town,0,,,NA,NA,N.H 5 Road,"Opp. Ariff opticals,Rama Talkies",A padestrian hit by a unknown vehicle resulting his death on the spot.,,
659,60608,Vijay,19/10/2012,1,175,Vizag,00/01/1900,22/08/2008,5,0,9,3,1,0,1,10,1,2,9,1,,4,2,III Town,0,,,NA,NA,Near Petrol Bunk,MVP Double Road,A motorcycle collide with a road divider resulting the death of its pillion rider on the spot.,,
660,60609,Vijay,19/10/2012,1,182,Vizag,00/01/1900,09/02/2008,2,0,9,3,1,0,1,1,1,2,9,1,,4,1,III Town,0,,,NA,Pedda Waltair,Sri puram Junction,Opp. More Departmental Store,A padestrian hit by a auto resulting his death on the spot.,,
661,60610,Vijay,19/10/2012,1,184,Vizag,00/01/1900,10/03/2009,6,1,9,3,1,1,2,4,1,2,9,1,,4,2,III Town,0,,,NA,NA,NA,Pedda Waltair Junction,A scooter hit by a auto from side.One of the person died on the spot and one other person got injured.,,
662,60611,Vijay,19/10/2012,1,151,Vizag,00/01/1900,18/08/2009,2,0,9,3,1,0,1,1,1,2,9,1,,4,0,III Town,0,,,NA,Sri Haripuram,NA,Opp.Petrol Bunk,A padestrian hit by a motorcycle resulting his death in the hospital during treatment.,,
663,60612,Vijay,19/10/2012,1,129,Vizag,00/01/1900,07/12/2009,7,1,9,3,1,0,1,1,1,2,9,1,,4,2,III Town,,,,NA,NA,N.H 5 Road,Between TBH Junction,"A padestrian hit by a auto at the time of crossing the road,resulting his death in the hospital during treatment.",,
664,60613,Vijay,19/10/2012,1,120,Vizag,00/01/1900,30/06/2009,4,0,9,3,1,0,1,1,1,2,9,1,,4,1,III Town,0,,,NA,TBH junction,N.H 5 Road,Maddilapalem RTC Depot,A female padestrian hit by a auto resulting her death in the hospital during treatment.,,
665,60614,Vijay,19/10/2012,1,128,Vizag,00/01/1900,07/12/2009,1,0,9,3,1,0,2,99,1,2,9,1,,4,3,III Town,0,,,NA,Maddilapalem,N.H 5 Road,Near MVP 'D' Road Signal Point,A motorcyclist hit by a lorry at the time of crossing the road.the motorcyclist died in the hospital during treatment.,,
666,60615,Vijay,19/10/2012,1,78,Vizag,00/01/1900,05/01/2009,5,1,9,3,1,1,2,3,1,2,9,1,,4,2,III Town,0,,,NA,NA,NA,Opp. Bakers Den Ram Nagar,A scooter hit by a car from back side.One of the person siiting on the 2-wheeler got injured while other one got died.,,
667,60616,Vijay,19/10/2012,1,34,Vizag,00/01/1900,02/07/2009,6,0,9,3,1,0,1,1,1,2,9,1,,4,2,III Town,0,,,NA,Rama Talkies,NA,Opp. Akshya Gold Shop,A padestrian hit by a auto resulting her death on the spot.,,
668,60617,Vijay,19/10/2012,1,214,Vizag,00/01/1900,13/11/2009,5,0,9,3,1,0,2,3,1,2,9,1,,4,2,III Town,0,,,NA,Maddilapalem,N.H 5 Road,Old TBH Signal Point Junction,A motorcycle hit from back side by a lorry reseulting one person death.,,
669,60618,Vijay,19/10/2012,1,57,Vizag,00/01/1900,03/11/2009,3,0,9,3,1,0,1,1,1,2,9,1,,4,1,III Town,0,,,NA,university Registrar office,NA,Opp. More Shop Market,A padestrian hit by a motorcycle resulting his death in the hospital during treatment.,,
670,60619,Vijay,19/10/2012,1,193,Vizag,00/01/1900,10/10/2009,6,0,9,3,1,0,1,1,1,2,9,1,,4,3,III Town,0,,,NA,Hanumatawaka,NA,Near Petrol Bunk,A padestrian hit by a lorry resulting his death on the spot.,,
671,60620,Vijay,19/10/2012,1,215,Vizag,00/01/1900,13/11/2009,5,0,9,3,1,0,1,1,1,2,9,1,,4,2,III Town,0,,,NA,Chinna Waltair,NA,Opp. AU Distance Education,A padestrian hit by a motorcycle resulting her death on the spot.,,
672,60621,Vijay,19/10/2012,1,210,Vizag,00/01/1900,11/07/2009,6,0,9,3,1,0,1,1,1,2,9,1,,4,2,III Town,0,,,NA,Radio Station Down,NA,Panduranga Swamy Temple,A padestrian hit by a motorcycle resulting her death in the hospital.,,
673,60622,Vijay,19/10/2012,1,84,Vizag,00/01/1900,05/08/2009,5,1,9,3,1,1,2,99,1,2,9,1,,4,2,III Town,0,,,NA,RK Beach Road,NA,ASR Statue Park Hotel,A motorcycle hit by a car.The motorcyclist died in the hospital and other one admitted .,,
674,60623,Vijay,19/10/2012,1,116,Vizag,00/01/1900,25/06/2009,4,0,9,3,1,0,1,1,1,2,9,1,,4,0,III Town,0,,,NA,Pedda Waltair,NA,Sripuram Junction,A padestrian hit by a auto resulting her death in the hsopital during treatment.,,
675,60624,Vijay,19/10/2012,1,147,Vizag,00/01/1900,08/11/2009,2,0,9,3,1,0,1,1,1,2,9,1,,4,3,III Town,0,,,NA,Hanumatawaka,N.H 5 Road,CMR Function Hall,A padestrian hit by a motorcycle resulting hie death in the hospital during treatment.,,
676,60625,Vijay,22/10/2012,1,72,Vizag,00/01/1900,16/06/2009,2,0,9,3,1,0,1,1,1,2,9,1,,4,1,Anandapuram,0,,,NA,NA,NA,Sadda Malem,A padestrian hit by unknown vehicle resulting his death on the spot.,,
677,60626,Vijay,22/10/2012,1,226,Vizag,00/01/1900,11/02/2008,7,1,9,3,1,0,1,10,1,2,9,1,,4,3,Malkapuram,0,,,NA,NA,Janatha Colony,Anjaneya Temple,"Due to negligence of bus driver, a lady got injured while deboarding the bus and due to this she suffered several and serious injuries to herself resulting her death in the hospital during treatment.",,
678,60627,Vijay,22/10/2012,1,80,Vizag,00/01/1900,12/03/2010,5,0,9,3,1,1,2,2,1,2,9,1,,4,2,Pendurthy,0,,,NA,NA,Purusothapuram,Elementary School,"A lorry collide with another lorry in a head on collision.Due to this, the driverof the first lorry got died on the spot.",,
679,60628,Vijay,22/10/2012,1,108,Vizag,00/01/1900,04/04/2010,7,1,9,3,1,0,1,1,1,2,9,1,,4,6,Pendurthy,0,,,NA,NA,Naiduthota,Bhashyam School,"A padestrian hit by a motorcycle,resulting his death in the hospital during treatment.",,
680,60629,Vijay,22/10/2012,1,140,Vizag,00/01/1900,22/04/2010,4,0,9,3,1,0,1,1,1,2,9,1,,4,2,Pendurthy,0,,,NA,RTC Complex,Pendurthy,Sujatha Nagar Bus Stop,"A padestrian hit by a bus,resulting his death in the hospital during treatment.",,
681,60630,Vijay,22/10/2012,1,171,Vizag,00/01/1900,05/06/2010,4,0,9,3,1,4,2,5,1,2,9,1,,4,5,Pendurthy,1,4,,NA,Subbavam,Pendurthy,Pinagadi Junction,"A overloaded auto hit by a lorry from side.Due to this, the passenger sitting in the auto got injured and taken to hospital.Before reaching hospital one passenger among 5 got death due to serious injuries caused to him.",,
682,60631,Vijay,22/10/2012,1,173,Vizag,00/01/1900,13/05/2010,4,0,9,3,2,5,2,2,1,2,9,1,,4,4,Pendurthy,1,,,NA,Anandapuram,Pendurthy,Akkireddy palem,"An overloaded auto collide with a lorry in head on collision.Seven auto passenger gor injured in which one is died on the spot and one is died before reahcing hospital,remaining 5 admitted to hospital.",,
683,60632,sunil,22/10/2012,1,197,vizag,00/01/1900,31/05/2010,1,0,9,3,1,1,2,3,1,2,9,1,,4,6,pendurthy,0,,,NA,Pendurthy,near anjaneya swamy temple,vepagunte hanuman statue,A Motorcycle hit by auto from back one is died on the spot and one is  injured.,,
684,60633,sunil,22/10/2012,1,379,vizag,00/01/1900,30/09/2010,4,0,9,3,1,2,2,99,1,2,9,1,,4,5,pendurthy,1,,,NA,alleppi village,VEPAGUNTA,laxmypurm,A Motorcycle hit by bus resulting one is death on the spot and two person are injured in hospital .,,
685,60634,sunil,22/10/2012,1,381,vizag,00/01/1900,30/09/2010,4,0,9,3,1,0,1,10,1,2,9,1,,4,2,Pendurthy,0,,,NA,dherma varma,NA,Pendurthy junction,A motorcycle skid on the road resulting one passenger death during the medical treatment .,,
686,60635,sunil,22/10/2012,1,387,Vizag,00/01/1900,10/03/2010,7,1,9,3,1,0,1,1,1,2,9,1,,4,0,Pendurthy,0,,,NA,Vepagunta,Dronam rajunagar relli colony,coramandal paints company,A pedestrian hit by lorry resulting his death during the medical treatment .,,
687,60636,sunil,22/10/2012,1,409,Vizag,00/01/1900,27/10/2010,3,0,9,3,1,0,1,1,1,2,9,1,,4,2,Pendurthy,0,,,NA,NA,Chinamushidiwada road,Sujatha nagar bus stop,A pedestrian hit by car resulting his death during the medical treatment .,,
688,60637,sunil,22/10/2012,1,412,Vizag,00/01/1900,28/10/2010,4,0,9,3,1,0,2,2,1,2,9,1,,4,1,Pendurthy,0,,,NA,NA,vepagunta,post office,A motorcycle hit by another motorcycle resulting one motorcycle driver death during the medical treatment.,,
689,60638,sunil,22/10/2012,1,419,Vizag,00/01/1900,11/07/2010,7,1,9,3,1,0,2,2,1,2,9,1,,4,1,Pendurthy,0,,,NA,Saptagiri nagar,NA,Chinamushidawada juction,A motorcycle hit by Auto resulting pillion rider death during the medical treatment.,,
690,60639,sunil,22/10/2012,1,445,Vizag,00/01/1900,14/12/2010,2,0,9,3,1,1,2,5,1,2,9,1,,4,4,Pendurthy,0,,,NA,NA,Kothavalasa road,junglapalem,A Auto hit by lorry from side resulting one passenger female death on the spot and one is injured .,,
691,60640,sunil,22/10/2012,1,455,Vizag,00/01/1900,29/12/2010,3,0,9,3,1,6,2,99,1,2,9,1,,4,7,Pendurthy,0,,,NA,NA,Cheemalapalli,Seshadri nagar junction,A Auto hit by lorry resulting one female passenger death on the spot and six passenger are injured in hospital.,,
692,60641,sunil,22/10/2012,1,241,Vizag,00/01/1900,25/06/2010,5,0,9,3,1,0,1,1,1,2,9,1,,4,7,Pendurthy,0,,,NA,NA,R R Venkatapuram,Electrical power office,A pedestrian hit by a light goods vehicle resulting his death during the medical treatment.,,
693,60642,sunil,22/10/2012,1,298,Vizag,00/01/1900,23/07/2010,5,0,9,3,1,0,1,1,1,2,9,1,,4,4,pendurthy,0,,,NA,NA,Rampuram,Rampuram,A pedestrian hit by Auto resulting his death during the medical treatment.,,