Accident ID,Form No,Filled By,Filled Date,Police Report Available,FIR No,City/Town/Village Name,Time of Accident,Date of Accident,Day of Accident,Holiday,Hit and Run,Accident Severity,No of Fatalities,No of Injured,No of vehicles,Collision Type,Collision Spot,Type of Road,Divider,Location,Light Condition,Road Catagory,Distance,Police Station,Special Case,Global Position(Latitude),Global Position (Longitude),Road 1,Road 2,Road 3,Landmark,Note,Accused Vehicle Coming From,No of Occupant
694,60643,Sunil,22/10/2012,1,400,Vizag,00/01/1900,17/10/2010,7,1,9,3,1,0,1,1,1,2,9,1,,4,5,Pendurthy,0,,,NA,NA,Vepagunta,Laxmifunction hall,A pedestrian hit by tata GMC resulting his death during the medical treatmeant.,,
695,60644,sunil,22/10/2012,1,68,Vizag,00/01/1900,04/04/2011,1,1,9,3,1,0,1,7,1,2,9,1,,4,20,Pendurthy,0,,,NA,NA,Narava,Near botting company,A Auto overturn on the road resulting one passenger death during the medical treatment.,,
696,60645,sunil,22/10/2012,1,97,Vizag,00/01/1900,05/02/2011,1,0,9,3,1,0,1,1,1,2,9,1,,4,7,Pendurthy,0,,,NA,NA,NA,Near srinivasanagar bus stop,A pedestrian hit by  bus resulting his death before reaching hospital.,,
697,60646,sunil,22/10/2012,1,110,Vizag,00/01/1900,05/12/2011,4,0,9,3,1,0,2,3,1,2,9,1,,4,5,Pendurthy,0,,,NA,NA,Vepagunte junction,Ravi wines shop,A motorcycle hit by bus from back resulting his on the spot .,,
698,60647,Sunil,22/10/2012,1,94,Vizag,00/01/1900,29/04/2011,5,0,9,3,1,0,1,1,1,2,9,1,,4,6,Pendurthy,0,,,NA,NA,Gopalapatnam road,Naiduthota,A Pedestrian hit by toyota qualis resulting his death during the medical treatment .,,
699,60648,sunil,22/10/2012,1,90,Vizag,00/01/1900,24/04/2011,7,1,9,3,1,0,1,1,1,2,9,1,,4,2,Pendurthy,0,,,NA,NA,Rathicheruvu,NA,A Auto over trun on the road resulting pedestrian death before reaching hospital.,,
700,60649,sunil,22/10/2012,1,128,Vizag,00/01/1900,06/01/2011,3,0,9,3,1,1,3,3,1,2,9,1,,4,4,pendurthy,1,,,NA,NA,Anandapuram road,Near boddunaidupalem,A cyclist and motorcyclist hit by lorry from back resulting cyclist death during the medical treatment.,,
701,60650,Sunil,22/10/2012,1,44,Vizag,00/01/1900,23/02/2011,3,0,9,3,1,1,1,7,1,2,9,1,,4,4,Pendurthy,0,,,NA,NA,Anandapuram road,Akkirddpalem turning,A Van overturn on the road so one passenger death on the spot and one passenger are injured .,,
702,60651,Sunil,22/10/2012,0,0,vizag,00/01/1900,15/02/2011,2,0,9,3,1,0,2,2,1,2,9,1,,4,0,pendurthy,0,,,NA,NA,NA,NA,A Motorcycle hit by another motorcycle so one motorcyclist pillion rider death on the spot .,,
703,60652,Sunil,22/10/2012,0,0,Vizag,00/01/1900,13/08/2010,5,0,9,3,1,0,1,1,1,2,9,1,,4,0,pendurthy,0,,,NA,NA,NA,NA,A pedestrian hit by lorry resulting his death on the spot .,,
704,60653,Vijay,22/10/2012,0,0,Vizag,00/01/1900,30/08/2010,1,0,9,3,1,0,1,1,1,2,9,1,,4,0,Pendurthy,0,,,NA,NA,NA,NA,"A padestrian hit by a lorry while crossing the road.Due to this, the padestrian suffers several injuries and died on the spot.",,
705,60654,Vijay,22/10/2012,0,0,Vizag,00/01/1900,08/09/2010,1,0,9,3,1,4,2,2,1,2,9,1,,4,0,Pendurthy,1,,,NA,NA,NA,NA,A auto collide with a lorry in head on collision.5 Auto passenger got injured in which in one is died in the hospital during treatment.,,
706,60655,Vijay,22/10/2012,0,0,Vizag,00/01/1900,06/04/2010,5,0,9,3,1,0,2,3,1,2,9,1,,4,0,Pendurthy,0,,,NA,NA,NA,NA,"A motorcycle hit from backside by a auto.Due to this hit, the motorcycle taken to hospital for serious injuries caused to him,which later died in the hospital during treatment.",,
707,60656,sunil,23/10/2012,1,28,Vizag,00/01/1900,28/02/2009,6,0,9,3,1,0,2,10,1,2,9,1,,4,4,Kancharapalem,0,,,NA,NA,N.H 5 Road,Airport junction,A motorcycle hit by light goods vehicle for crosing time resultig his death before reaching hospital,,
708,60657,sunil,23/10/2012,1,48,Vizag,00/01/1900,04/11/2009,6,0,9,3,1,1,2,10,1,2,9,1,,4,2,Kancharapalem,0,,,NA,NA,N.H 5 Road,Ramanna colony,A motorcycle hit by car resulting one person dead before reaching hospital and one is injured.,,
709,60658,sunil,23/10/2012,1,55,Vizag,00/01/1900,25/04/2009,6,0,9,3,1,0,1,1,1,2,9,1,,4,2,Kancharapalem,0,,,NA,NA,N.H 5 Road,Raiwada water supply office,A pedestrian hit by car crosing time resulting his death on the spot .,,
710,60659,Sunil,23/10/2012,1,61,Vizag,00/01/1900,18/05/2009,1,0,9,3,1,0,2,2,1,2,9,1,,4,2,Kancharapalem,0,,,NA,NA,Kancharapalem,Kancharapalem mettu,A scooter hit by bus from back on turning tim resulting his death on the spot .,,
711,60660,Sunil,23/10/2012,1,59,Vizag,00/01/1900,05/06/2009,3,0,9,3,2,1,1,10,1,2,9,1,,4,2,Kancharapalem,1,,,NA,NA,N.H 5 Road,Eswar motors,A Car 1st hit the divider and after that  pedestrian  resulting two pedestrian death during the medical treatment and one is injured in hospital.,,
712,60661,Sunil,23/10/2012,1,68,Vizag,00/01/1900,29/05/2009,5,0,9,3,1,0,1,1,1,2,9,1,,4,3,Kancharapalem,0,,,NA,NA,N.H 5 Road,Near N A D Kotha road,A Pedestrian hit by CAR resulting his death in the hospital during the medical treatment .,,
713,60662,Sunil,23/10/2012,1,82,Vizag,00/01/1900,29/06/2009,2,0,9,3,1,0,1,1,1,2,9,1,,4,2,Kancharapalem,0,,,NA,NA,N.H 5 Road,opp.to jawaharlal nagar,A Pedestrian hit by Car on crossing time resulting her death on the spot .,,
714,60663,Sunil,23/10/2012,1,116,Vizag,00/01/1900,31/08/2009,5,0,9,3,1,0,1,1,1,2,9,1,,4,2,Kancharapalem,0,,,NA,NA,N.H 5 Road,Kapparada,"At the time of crossing the road, a pedestrian hit by a motorcyle resulting his death on the spot.",,
715,60664,Sunil,23/10/2012,1,112,vizag,00/01/1900,18/08/2009,2,0,9,3,1,0,2,2,1,2,9,1,,4,2,Kancharapalem,0,,,NA,NA,N.H 5 Road,Tatichetla palem juction,A motorcycle hit by lorry from back resulting his death on the spot .,,
716,60665,Sunil,23/10/2012,1,107,Vizag,00/01/1900,08/05/2009,3,0,9,3,1,0,1,1,1,2,9,1,,4,2,Kancharapalem,0,,,NA,NA,N.H 5 Road,Kapparada,A female fell down from  motorcycle after that hit by bus resulting her death on the spot .,,
717,60666,Sunil,23/10/2012,1,119,Vizag,00/01/1900,23/08/2009,7,1,9,3,1,5,2,99,1,2,9,1,,4,6,Kancharapalem,1,,,NA,NA,NA,Airport junction,A Scooter hit by lorry after that hit the pedestrian and over turn lorry so one female dead on the spot and five are  injured.,,
718,60667,Sunil,23/10/2012,1,132,Vizag,00/01/1900,21/09/2009,1,1,9,3,3,1,2,99,1,2,9,1,,4,7,Kancharapalem,1,,,NA,NA,Patrula veedi,6-2-34,A Parked lorry hit by van so three  van passenger  death on the spot and one passenger injured.,,
719,60668,Vijay,23/10/2012,1,136,Vizag,00/01/1900,27/09/2009,7,1,9,3,1,0,2,3,1,2,9,1,,4,3,Kancharapalem,0,,,NA,NA,Ratnanagiri Nagar,45,A motorcycle hit from backside by a bus.Due to this the motorcyclist died on the spot.,,
720,60669,Vijay,23/10/2012,1,139,Vizag,00/01/1900,10/03/2009,6,1,9,3,1,0,1,1,1,2,9,1,,4,1,Kancharapalem,0,,,NA,NA,Near Kapparada,Opp. Sai Baba Temple,A padestrian hit by a motorcycle while crossing the road.Due to which the padestrian died in the hospital during treatment.,,
721,60670,Vijay,23/10/2012,1,138,Vizag,00/01/1900,10/02/2009,5,1,9,3,1,0,2,10,1,2,9,1,,4,7,Kancharapalem,0,,,NA,NA,NA,RCL Back side port road,"A lorry and a tipper lorry collide with each other at the time of meking turn.Due to which,one person died on the spot.",,
722,60671,Vijay,23/10/2012,1,177,Vizag,00/01/1900,12/10/2009,4,0,9,3,1,0,2,3,1,2,9,1,,4,0,Kancharapalem,0,,,NA,NA,ITI Junction,NA,"A motorcyclist hit from backside by a bus,due to which the motorcyclist suffers several injuries and died on the spot.",,
723,60672,Vijay,23/10/2012,1,174,Vizag,00/01/1900,12/04/2009,5,0,9,3,1,0,2,99,1,2,9,1,,4,2,Kancharapalem,0,,,NA,NA,104 Area,NA,A motorcycle hit by a bus resulting the death of the motorcyclist on the spot.,,
724,60673,Vijay,23/10/2012,1,181,Vizag,00/01/1900,14/12/2009,1,0,9,3,1,0,1,1,1,2,9,1,,4,1,Kancharapalem,0,,,NA,NA,Opp. To Degree College,Burma Camp Junction Down,A padestrian hit by a water tanker resultig his death on the spot.,,
725,60674,Vijay,23/10/2012,1,6,Vizag,00/01/1900,01/05/2010,2,0,9,3,1,0,2,99,1,2,9,1,,4,4,Kancharapalem,0,,,NA,NA,N.H 5 Road,NAD Bridge,"A motorycle hit by a water tanker.After hitting, the motorcycle fell off on the ground due to which the water tanker ran over from his body resulting his death on the spot.",,
726,60675,Vijay,23/10/2012,1,21,Vizag,00/01/1900,16/02/2010,2,0,9,3,1,1,2,99,1,2,9,1,,4,6,Kancharapalem,0,,,NA,NA,Port Road,RCL Back side,"A auto hit by a tipper lorry.Due to this, one of the auto passenger died on the spot and one is injured.",,
727,60676,Vijay,23/10/2012,1,84,Vizag,00/01/1900,16/05/2010,7,1,9,3,1,0,1,10,1,2,9,1,,4,3,Kancharapalem,0,,,NA,NA,N.H 5 Road,Near PF Office,"Due to sudden brakes applied by the motorcyclist,its pillion rider fell off on the ground,which results his death after some time.",,
728,60677,Vijay,23/10/2012,1,109,Vizag,00/01/1900,17/06/2010,4,0,9,3,1,0,1,99,1,2,9,1,,4,2,Kancharapalem,0,,,NA,NA,104 Area,Beside lakshmi Narsinha Theater,"A pedestrian hit by a crane.After hitting, the crane hit a motorcycle which parked roadside.The pedestrian died before reaching hospital.",,
729,60678,Vijay,23/10/2012,1,10,Vizag,00/01/1900,15/01/2010,5,0,9,3,1,0,2,2,1,2,9,1,,4,3,Kancharapalem,0,,,NA,NA,Near Jyothi Nagar Road,Opp. Reliance Fresh,A auto(A) collide with another auto(B) in head on collision.One of the passenger died in the hospital during treatment.,,
730,60679,Vijay,23/10/2012,1,26,Vizag,00/01/1900,25/02/2010,4,0,9,3,1,0,1,1,1,2,9,1,,4,2,Kancharapalem,0,,,NA,NA,N.H 5 Road,Kapparada 2 Junction,"At the time of reversing the van, a boy who standing behind the van got injured and died on the spot.",,
731,60680,Vijay,23/10/2012,1,161,Vizag,00/01/1900,31/07/2010,6,0,9,3,1,0,1,1,1,2,9,1,,4,1,Kancharapalem,0,,,NA,NA,Near Sai Baba Temple Industrial Estate,Opp. To MES Pump House,A Pedestrian hit by crane resulting his death on the spot.,,
732,60681,Vijay,23/10/2012,1,41,Vizag,00/01/1900,24/03/2010,3,0,9,3,1,1,2,99,1,2,9,1,,4,2,Kancharapalem,0,,,NA,NA,N.H 5 Road,Opp. To NSTL Gate,A  motorcycle  hit by a trailer.The motorcycle rider died on the spot due to this hit and its pillion rider got injured.,,
733,60682,Vijay,23/10/2012,1,60,Vizag,00/01/1900,22/04/2010,4,0,9,3,1,0,1,1,1,2,9,1,,4,5,Kancharapalem,0,,,NA,NA,GannaPuram,Opp. To Sivalayam Temple,A Pedestrian hit by truck resulting his death on the spot.,,
734,60683,Vijay,23/10/2012,1,425,Vizag,00/01/1900,23/11/2011,3,0,9,3,1,0,2,10,1,2,9,1,,4,1,Kancharapalem,1,,,NA,NA,N.H 5 Road,NAD Junction,"A lorry hit a trailer.Due to this, the trailer hit pedestrian whio was standing at roadside.Due to this the pedestrian died on the spot.",,
735,60684,Vijay,23/10/2012,1,424,Vizag,00/01/1900,22/11/2011,2,0,9,3,1,0,1,1,1,2,9,1,,4,1,Kancharapalem,0,,,NA,NA,N.H 5 Road,Gajuwaka Bus Stop NAD junction,A Pedestrian hit by lorry resulting his death on the spot.,,
736,60685,Vijay,23/10/2012,1,423,Vizag,00/01/1900,21/11/2011,1,0,9,3,1,0,2,3,1,2,9,1,,4,2,Kancharapalem,0,,,NA,NA,N.H 5 Road,Opp. Kancharapalem  Police station,"A motorcycle hit from back side by  a lorry.Due to this, the motorcyclist suffers several injuries and died before reaching hospital.",,
737,60686,Vijay,23/10/2012,1,442,Vizag,00/01/1900,13/12/2011,2,0,9,3,1,1,2,99,1,2,9,1,,4,2,Kancharapalem,0,,,NA,NA,N.H 5 Road,AT Birla Junction,A scooter hit by a bus.The pillion rider(female) died before reaching hospital and the rider of the scooter suffers several injuries.,,
738,60687,Vijay,23/10/2012,1,410,Vizag,00/01/1900,11/11/2009,5,0,9,3,1,0,1,1,1,2,9,1,,4,2,Kancharapalem,0,,,NA,NA,N.H 5 Road,Opp. Anjeyaswan=mi Temple,"A pedestrian hit by a motorcycle.Due to this hit, the padestrian suffers several injuries and died in the hospital during treatment.",,
739,60688,Vijay,23/10/2012,1,339,Vizag,00/01/1900,27/09/2011,2,0,9,3,1,0,2,99,1,2,9,1,,4,3,Kancharapalem,0,,,NA,NA,ITI Junction,Pydimamba Temple,"A motorcycle hit by a bus.Due to this hit, the motorcyclist suffes various injuries and died on the spot.",,
740,60689,Sunil,23/10/2012,1,421,Vizag,00/01/1900,20/11/2011,7,1,9,3,1,0,1,1,1,2,9,1,,4,2,Kancharapalem,0,,,NA,NA,N.H 5 Road,Kancharapalem police station,A Pedestrian hit by van resulting his death in the hospital during the medical treatment .,,
741,60690,Sunil,23/10/2012,1,420,Vizag,00/01/1900,20/11/2011,7,1,9,3,2,0,2,3,1,2,9,1,,4,2,Kancharapalem,0,,,NA,NA,N.H 5 Road,Polytechnical college,A motorcycle hit lorry from back  resulting rider and pillion rider both are dead on the spot .,,
742,60691,Sunil,23/10/2012,1,416,Vizag,00/01/1900,11/06/2011,7,1,9,3,1,0,1,10,1,2,9,1,,4,3,Kancharapalem,0,,,NA,NA,N.H 5 Road,Dharamanagar junction,A motorcycle skid on the orad so motorcyclist dead in hospital during the medical treatment.,,
743,60692,Sunil,23/10/2012,0,0,Vizag,00/01/1900,14/01/2009,3,1,9,3,1,0,1,1,1,2,9,1,,4,0,Kancharapalem,0,,,NA,NA,NA,NA,At the crossing time .A Pedestrian hit by car resulting his death in the hospital during the medical treatment .,,
744,60693,Vijay,23/10/2012,0,0,Vizag,00/01/1900,17/01/2010,7,1,9,3,1,0,1,1,1,2,9,1,,4,0,Kancharapalem,0,,,NA,NA,NA,Airport Junction,A pedestrian hit by a unknown vehicle resulting his death in the hospital during treatment.,,
745,60694,Vijay,23/10/2012,1,89,Vizag,00/01/1900,23/07/2011,6,0,0,3,1,1,1,10,1,2,9,1,,4,1,Anandapuram,0,,,NA,Srikakulam,N.H 5 Road,Vemulavalasa Bridge,"Due to negligence of motorcyclist, the rider losthis control of the 2-wheeler and collide with the road railing.Due to this,the rider died in the hospital during treatment and its pillion rider got admitted.",,
746,60695,Sunil,25/10/2012,1,114,Vizag,00/01/1900,22/09/2011,4,0,9,3,1,0,1,1,1,2,9,1,,4,0,Anandapuram,0,,,NA,Pendurthy,S.H 38 Road,vemulavalasa flower market,"At the crossing time ,A pedestrian hit by motorcycle resulting his death in hospital during the medical treatment.",,
747,60696,sunil,25/10/2012,1,117,Vizag,00/01/1900,30/09/2011,5,0,9,3,1,4,2,2,1,2,9,1,,4,3,Anandapuram,1,,,NA,Pendurthy,S.H 38 Road,Dukvalipalem village,A Bus hit by a lorry resulting bus driver dead in the hospital and  four passenger are injured.,,
748,60697,sunil,25/10/2012,1,120,Vizag,00/01/1900,10/03/2011,1,0,9,3,1,0,2,99,1,2,9,1,,4,0,Anandapuram,0,,,NA,Vizag,N.H 5 Road,Vemulavalasa bridge,A motorcycle hit by another motorcycle so one motorcycle driver dead in hospital .,,
749,60698,sunil,25/10/2012,1,145,Vizag,00/01/1900,11/05/2011,6,0,9,3,1,0,1,1,1,2,9,1,,4,0,Anandapuram,0,,,NA,NA,Anandapuram,Anandapuram bridge,A Pedestrian hit by Bus resulting his death on the spot .,,
750,60699,Sunil,25/10/2012,1,151,Vizag,00/01/1900,22/11/2011,2,0,9,3,1,0,2,99,1,2,9,1,,4,4,Anandapuram,0,,,NA,NA,Boddapalem,,A motorcycle hit by another motorcycle so resulting his death on the spot .,,
751,60700,Sunil,01/11/2012,1,146,Vizag,00/01/1900,11/08/2011,2,0,9,3,1,0,2,3,1,2,9,1,,4,15,Anandapuram,0,,,NA,NA,S.H 38 Road,Balaji poultry,A Bicycle hit by motorcycle from back side resulting bicyclist death on the spot .,,
752,60701,Sunil,01/11/2012,1,432,Vizag,00/01/1900,27/11/2010,6,0,9,3,1,0,1,7,1,2,9,1,,4,3,Pendurthy,0,,,NA,NA,Purusothapuram,Oop. Govt Alimentary School,A Auto overturn on the road resulting one passenger death in the hospital during the medical treatment .,,
753,60702,Sunil,01/11/2012,1,69,Vizag,00/01/1900,11/06/2007,5,0,9,3,1,0,1,1,1,2,9,1,,4,0,Padmanabham,0,,,NA,Vizag,NA,Chinthala valasa,At the crossing time . A Pedestrian hit by car resulting his death on the spot.,,
754,60703,Sunil,01/11/2012,1,70,Vizag,00/01/1900,15/11/2007,4,0,9,3,1,0,2,3,1,2,9,1,,4,15,Padmanabham,0,,,NA,NA,NA,B. Tallavalasa villag,A Bicycle hit by lorry from back side resulting female death on the spot .,,
755,60704,Sunil,01/11/2012,1,72,Vizag,00/01/1900,27/11/2007,2,0,1,3,1,1,1,7,1,2,9,1,,4,1,Padmanabham,0,,,NA,NA,NA,Archukunipalem,A passenger auto overturn on the road resulting one passenger dead on the spot and one is injured .,,
756,60705,Sunil,01/11/2012,1,73,Vizag,00/01/1900,29/11/2007,4,0,9,3,1,0,2,99,1,2,9,1,,4,5,Padmanabham,0,,,NA,NA,NA,Tunivalasa village,A Motorcycle hit by lorry resulting motorcyclist death on the spot.,,
757,60706,Sunil,01/11/2012,1,77,Vizag,,20/12/2007,4,0,9,3,1,0,2,99,1,2,9,1,,4,8,Padmanabham,0,,,NA,NA,NA,Chinnapuram,A Motorcycle hit by unknown vehicle resulting rider death on the spot .,,
758,60707,Sunil,01/11/2012,1,20,Vizag,00/01/1900,04/12/2008,6,0,9,3,1,0,1,1,1,2,9,1,,4,18,Padmanabham,0,,,NA,NA,NA,Ayinada village,A Six year child pedestrian hit by auto resulting his death on the spot and the driver escaped from accident place.,,
759,60708,Sunil,01/11/2012,1,91,Vizag,00/01/1900,12/03/2009,5,0,9,3,1,0,2,3,1,2,9,1,,4,8,Padmanabham,0,,,NA,NA,na,Routhulapalem colony,A motorcycle hit by goods auto from back side resulting motorcyclist his death in the hospital during the medical treatment.,,
760,60709,Sunil,01/11/2012,1,55,Vizag,,08/09/2009,7,1,9,3,1,0,1,8,1,2,9,1,,4,0,Padmanabham,0,,,NA,NA,NA,Yanadri lake,A Person was killed in an auto accident .the accident happened when the auto lost the control and hit a tree.,,
761,60710,sunil,01/11/2012,1,69,Vizag,00/01/1900,03/02/2008,7,1,9,3,1,0,1,7,1,2,9,1,,4,6,Gajuwaka,0,,,NA,Sheelnagar junction,Gajuwaka,Maruthi junction,A Auto applied the sudden breaks and overturned fell on the road one person  received hed injury and death in the hospital during the medical treatment.,,
762,60711,Sunil,01/11/2012,1,129,Vizag,00/01/1900,13/04/2008,7,1,9,3,1,0,2,2,1,2,9,1,,4,15,Gajuwaka,0,,,NA,NA,NA,Appikondo main road,A Motorcycle hit by RTC bus from front side .resulting motorcyclist death in the hospital during the medical treatment .,,
763,60712,Sunil,01/11/2012,1,136,Vizag,00/01/1900,20/04/2008,7,1,9,3,1,0,2,99,2,2,9,1,,4,0,Gajuwaka,0,,,NA,NA,N.H 5 Road,100 ft junction,A TVS Scooty hit by lorry at the junction resulting female passenger dead be reaching hospital .,,
764,60713,Sunil,01/11/2012,1,140,Vizag,00/01/1900,25/04/2008,5,0,9,3,1,0,1,1,1,2,9,1,,4,4,Gajuwaka,0,,,NA,NA,NA,Near vibas college bus stop,At crossing time  a female  pdestrian hit by car resulting her death in the hospital during the medical treatment.,,
765,60714,Sunil,01/11/2012,1,150,Vizag,00/01/1900,05/04/2008,7,1,9,3,1,0,1,1,1,2,9,1,,4,4,Gajuwaka,0,,,NA,NA,NA,Pdakavanipalem jn,At the crossing time a pedestrian hit by RTC Bus resulting his death on the spot.,,
766,60715,Sunil,01/11/2012,1,159,Vizag,00/01/1900,16/05/2008,4,0,9,3,1,0,1,1,1,2,9,1,,4,1,Gajuwaka,0,,,NA,NA,N.H 5 Road,Near Amravathi hotel,A Pedestrian hit by auto resulting his death in the hospital during the medical treatment.,,
767,60716,Sunil,02/11/2012,1,161,Vizag,00/01/1900,17/05/2008,6,0,9,3,1,1,2,2,2,2,9,1,,4,1,Gajuwaka,0,,,NA,NA,N.H 5 Road,post office junction,A Motorcycle hit by RTC bus from front side resulting driver dead before reaching hospital and passenger are injured in hospital.,,
768,60717,sunil,02/11/2012,1,165,Vizag,00/01/1900,22/05/2008,4,0,9,3,1,0,1,1,1,2,9,1,,4,0,Gajuwaka,0,,,NA,NA,NA,Exhibition ground girl,A Pededtrian hit by lorry while the pedestrian crossing the road .the pedestrian was dead at the accident location.,,
769,60718,Sunil,02/11/2012,1,166,Vizag,00/01/1900,22/05/2008,4,0,9,3,1,1,2,3,1,2,9,1,,4,1,Gajuwaka,0,,,NA,NA,N.H 5 Road,Vadlapudi,A Motorcycle hit by gas lorry from back side resulting passenger dead on the spot and driver are injured in hospital .,,
770,60719,Sunil,02/11/2012,1,171,Vizag,00/01/1900,29/05/2008,4,0,0,3,1,2,2,99,2,2,9,1,,4,3,Gajuwaka,0,,,NA,NA,N.H 5 Road,Auto nagar junction,A Motorcycle hit by lorry .while the motorcycle was stopped at the junction .lorry hit the motorcycle and overturn on the road .the motorcyclist dead on the spot and lorry driver and cleaner are injured in hospital.,,
771,60720,Sunil,02/11/2012,1,177,Vizag,00/01/1900,06/05/2008,4,0,9,3,1,0,1,1,1,2,9,1,,4,5,Gajuwaka,0,,,NA,NA,N.H 5 Road,NA,At the crossing time . A Pedestrian hit lorry resulting his death on the spot .,,
772,60721,Sunil,02/11/2012,1,181,Vizag,00/01/1900,06/09/2008,1,0,9,3,1,1,2,2,2,2,9,1,,4,3,Gajuwaka,0,,,NA,NA,N.H 5 Road,Autonagar junction,At the turning time  a Motorcycle hit by car from front side.  Resulting driver dead before reaching hospital and passenger are injured in hospital.,,
773,60722,Vijay,02/11/2012,1,241,Vizag,00/01/1900,22/08/2008,5,0,9,3,1,0,2,3,1,2,9,1,,4,0,Gajuwaka,0,,,NA,NA,N.H 5 Road,Sri Nagar junction Near church,A scooter were hit by a lorry from back side.The rider of the scooter died on the spot.,,
774,60723,Vijay,02/11/2012,1,245,Vizag,00/01/1900,26/08/2008,4,0,9,3,1,0,1,1,1,2,9,1,,4,3,Gajuwaka,0,,,NA,NA,NA,Auto Nagar Shahu wala,A Pedestrian hit by lorry resulting his death on the spot,,
775,60724,Vijay,02/11/2012,1,248,Vizag,00/01/1900,09/01/2008,1,0,9,3,1,1,2,3,1,2,9,1,,4,4,Gajuwaka,0,,,NA,NA,NA,NA,"A motorcycle hit from back by a bus.Due to this hit ,the pillion ridergot injured and admitted to hospital were rider died on the spot.",,
776,60725,Vijay,02/11/2012,1,251,Vizag,00/01/1900,09/03/2008,3,0,9,3,1,0,2,3,1,2,9,1,,4,2,Gajuwaka,0,,,NA,NA,NA,Opp Link Gate,A motocyclist hit from back by a auto.Due to this hit the motorcyclist taken to hospital were he died during medical treatment.,,
777,60726,Vijay,02/11/2012,1,259,Vizag,00/01/1900,19/09/2008,5,0,9,3,1,0,1,10,1,2,9,1,,4,4,Gajuwaka,0,,,NA,NA,NA,Service road BHPV Junction,"Due to sudden brakes applied by the auto driver,which is running in high speed, a pessenger got injured and died in the hospital during medical treatment.",,
778,60727,Vijay,02/11/2012,1,263,Vizag,00/01/1900,23/09/2008,1,0,9,3,1,0,1,1,1,2,9,1,,4,5,Gajuwaka,0,,,NA,NA,N.H 5 Road,Natyyapalem Old bus Stop,A Pedestrian hit by vanwhile crossing the road resulting his death on the spot.,,
779,60728,Vijay,02/11/2012,1,270,Vizag,00/01/1900,10/04/2008,6,0,9,3,1,0,1,1,1,2,9,1,,4,2,Gajuwaka,0,,,NA,NA,NA,Near Zinc Gate Junction,"A Pedestrian hit by auto while crossing the road, resulting his death on the spot.",,
780,60729,Vijay,02/11/2012,1,275,Vizag,00/01/1900,10/10/2008,5,0,9,3,1,0,2,99,1,2,9,1,,4,2,Gajuwaka,0,,,NA,NA,Auto Nagar Road,Near Saibaba Temple,A cyclist hit by a Car resulting his death before reaching hospital.,,
781,60730,Vijay,02/11/2012,1,298,Vizag,00/01/1900,11/10/2008,1,0,9,3,1,0,2,3,1,2,9,1,,4,0,Gajuwaka,0,,,NA,NA,N.H 5 Road,Vinayara Timber Depot,"A motorcyclist hit from back by a crane.Due to this hit, the motorcyclist suffers several injuries causing his death in the hospital during treatment.",,
782,60731,Vijay,02/11/2012,1,317,Vizag,00/01/1900,12/03/2008,3,0,0,3,1,0,1,10,1,2,9,1,,4,2,Gajuwaka,1,,,NA,NA,"High school road, cement road",Near DhanaLakshmi Timber depot,Due to sudden brakes applies by the auto driver which is running its vehicle in very high speed causing one of the pessenger fell down on the road and the luagauge on the auto fell on the person causing his death before reaching hospital.,,
783,60732,Vijay,02/11/2012,1,327,Vizag,00/01/1900,20/12/2008,6,0,9,3,1,0,1,1,1,2,9,1,,4,0,Gajuwaka,0,,,NA,NA,NA,China Gantyada,A Pedestrian hit by lorry resulting his death on the spot.,,
784,60733,Vijay,02/11/2012,1,329,Vizag,00/01/1900,25/12/2008,4,1,9,3,1,0,1,1,2,2,9,1,,4,2,Gajuwaka,0,,,NA,NA,NA,High School Road Junction,A Pedestrian hit by lorry resulting his death on the spot.,,
785,60734,Vijay,02/11/2012,1,75,Vizag,00/01/1900,03/06/2008,4,0,9,3,1,1,2,99,1,2,9,1,,4,0,Gajuwaka,1,,,NA,Old Gajuwaka Junction,NA,Chinnagantayada Junction,"At the time of meking turn,a motorcycle hit by car.Due to this hit the rider and its pillion rider got injured and taken to hospital where the rider is deaclread as dead and pillion rider admitted to hospital.",,
786,60735,Vijay,02/11/2012,1,104,Vizag,00/01/1900,21/03/2008,5,1,9,3,1,0,1,1,1,2,9,1,,4,0,Gajuwaka,0,,,NA,100 feet road,N.H 5 Road,100 FT Road,A Pedestrian hit by crane resulting his death on the spot.,,
787,60736,Vijay,02/11/2012,1,112,Vizag,00/01/1900,28/03/2008,5,0,1,3,1,0,2,2,1,2,9,1,,4,4,Gajuwaka,0,,,NA,Old Gajuwaka,N.H 5 Road,Nathayyapalem,"A scooter collide with a lorry in a head on collision.Due to this, the pillion rider fell down on the road and lorry wheels went over her causing her death on the spot.",,
788,60737,Vijay,02/11/2012,1,121,Vizag,00/01/1900,04/04/2008,5,0,9,3,1,0,1,1,1,2,9,1,,4,6,Gajuwaka,0,,,NA,Old Gajuwaka,N.H 5 Road,nathayyapalem,A Pedestrian hit by bus resulting his death in the hospital during treatment.,,