Accident ID,Form No,Filled By,Filled Date,Police Report Available,FIR No,City/Town/Village Name,Time of Accident,Date of Accident,Day of Accident,Holiday,Hit and Run,Accident Severity,No of Fatalities,No of Injured,No of vehicles,Collision Type,Collision Spot,Type of Road,Divider,Location,Light Condition,Road Catagory,Distance,Police Station,Special Case,Global Position(Latitude),Global Position (Longitude),Road 1,Road 2,Road 3,Landmark,Note,Accused Vehicle Coming From,No of Occupant
884,60829,ak,09/11/2012,1,264,Vizag,00/01/1900,25/06/2011,6,0,9,3,1,1,2,9,1,2,9,1,,4,3,Malkapuram,0,,,Sriharipuram,NA,Gajuwaka,At Coromandle Company bus stop,A lorry hit the motorcycle and the resulting one person of the motorcycle died on the spot and other injured.,,
885,60830,ak,09/11/2012,1,271,Vizag,00/01/1900,07/04/2011,1,0,0,3,1,0,1,10,1,2,9,1,,4,3,Malkapuram,0,,,Scindia,NA,Convent junction road,Near VDR Junction,"A lorry driver drove the vehicle without any indication ,due to which the cleaner fell down from the lorry ,and resulting he died under treatment.",,
886,60831,ak,09/11/2012,1,272,Vizag,00/01/1900,06/05/2011,2,0,9,3,1,0,2,99,9,2,9,1,,4,6,Malkapuram,0,,,NA,NA,Convent Road,At HPCL Petro Park,"A lorry came in rash manner and hit the parked lorry ,as a resulting cleaner of the parked lorry died on the spot.",,
887,60832,ak,09/11/2012,1,303,Vizag,00/01/1900,08/03/2011,1,0,9,3,1,0,2,5,1,2,9,1,,4,2,Malkapuram,0,,,Sindhia,Convent road,Convent Road,At Kakatiya Gate,"A tractor hit the motorcycle from the side in same direction ,as a resulting rider  of the motorcycle died during the treatment.",,
889,60833,ak,09/11/2012,1,334,Vizag,00/01/1900,09/05/2011,1,0,1,3,1,1,2,2,1,2,9,1,,4,6,Malkapuram,0,,,Sheela Nagar,NA,Convent Junction road,At HPCL Petro Park,"A auto came in rash manner and hit the lorry in head on position ,as a resulting one passenger died on the spot and other injured.",,
890,60834,ak,09/11/2012,1,464,Vizag,00/01/1900,12/11/2011,7,1,9,3,1,1,2,10,1,2,9,1,,4,5,Malkapuram,1,,,Sheela Nagar,Maruthi Circle Road,Convent Road,Near Maruthi Circle,"A motorcycle skid on the road and pillion rider fell down , at the same time a lorry came from back hit the pillion rider . As a resulting pillion rider died on the spot and rider injured.",,
893,60835,ak,09/11/2012,1,3,Vizag,00/01/1900,01/10/2009,6,0,0,3,1,0,1,10,1,2,9,1,,4,0,I Town,0,,,Old Post Office,NA,Rani Bomme,"Matta Venkappa Street ,Near Gandhi Statue","A motorcycle skid and fell down on the road ,as a resulting he died on the spot.",,
894,60836,ak,09/11/2012,1,7,Vizag,00/01/1900,02/01/2009,7,1,9,3,1,1,2,3,1,2,9,1,,4,0,I Town,0,,,NA,NA,NA,Near Old Post Office,A RTC Bus hit the another parked bus and the second bus hit the pedestrian who was standig there. As a resulting one lady died and another injured.,,
895,60837,ak,09/11/2012,1,8,Vizag,00/01/1900,02/06/2009,2,0,9,3,1,0,1,1,1,2,9,1,,4,1,I Town,0,,,BBV Kotha road,NA,Old Post Office,Near Reading Room,A RTC Bus hit the pedestrian and the resulting he died on the spot.,,
896,60838,ak,09/11/2012,1,5,Vizag,00/01/1900,14/01/2009,3,1,9,3,1,0,1,1,1,2,9,1,,4,1,I Town,0,,,NA,Muncipal Stadiun Road,NA,Near CRPF Gate,A motorycycle hit the pedestrian and the resulting he died before reached the hospital.,,
897,60839,ak,09/11/2012,1,25,Vizag,00/01/1900,13/06/2009,6,0,9,3,1,0,1,1,2,2,9,1,,4,2,I Town,0,,,Kotha village,Town Kotha Road,NA,Opp. To pravallika Hotel,"A RTC Bus hit the pedestrian ,as a resulting he did on the spot.",,
898,60840,ak,09/11/2012,1,20,Vizag,00/01/1900,08/08/2009,5,0,9,3,1,0,1,2,1,2,9,1,,4,2,I Town,0,,,NA,Town Kotha road,NA,On GVMC Suyajfarm,A van reversing at the same time a boy standing behind died on the spot.,,
899,60841,ak,09/11/2012,1,29,Vizag,00/01/1900,27/08/2009,4,0,0,3,1,0,1,10,3,2,1,1,,4,2,I Town,0,,,Official Colony,NA,Coastal Battery Junction,Near Pragathi Departmental Stores,"A Scooterist hit the divider  and fell down on the road at turning point, as a resulting he died during the treatment.",,
900,60842,ak,09/11/2012,1,24,Vizag,00/01/1900,30/05/2009,6,0,9,3,1,2,3,3,2,2,9,1,,4,2,I Town,0,,,NA,NA,NA,"Opp. To Nookalamma Temple, Near Adwani Junction",A scooter came in rash manner and hit the honda activa from back and after that also hit the bicycle from back. As a resulting pillion rider died during the treatment and rider of the cycle and scooterist injured.,,
901,60843,ak,09/11/2012,1,36,Vizag,00/01/1900,11/08/2009,6,0,9,3,1,0,1,1,1,2,9,1,,4,1,I Town,0,,,Coastal Battery Junction,Beach Road,Shipping Harbour,Opp. To Main Gate of Vizag Zonal Base OF Fishing Survey of India,motorcycle hit the pedestrian and the resulting he died during medical treatment.,,
902,60844,ak,09/11/2012,1,10,Vizag,00/01/1900,03/08/2010,1,0,9,3,1,0,1,1,1,2,9,1,,4,0,I Town,0,,,Beach Road,NA,Gollaveedhi,Near Peda Uppada,"A car came in rash manner and hit the pedestrian ,as a resulting he died during the treatment.",,
903,60845,ak,09/11/2012,1,20,Vizag,00/01/1900,29/05/2010,6,0,0,3,1,0,1,10,1,2,9,1,,4,2,I Town,0,,,NA,Beach Road,NA,"Opp. To Navyl Quarters , Near Navyl Canteen",A auto skid on the road and driver of auto died on the spot.,,
904,60846,ak,12/11/2012,1,21,Vizag,00/01/1900,16/06/2010,3,0,9,3,1,0,1,99,2,2,9,1,,4,1,I Town,0,,,Old bus stand,NA,NA,Near Sea Horse Junction,A craine hit the pedestrian and the resulting he died during the treatment.,,
905,60847,ak,12/11/2012,1,26,Vizag,00/01/1900,16/07/2010,6,0,0,3,1,0,1,8,1,2,9,1,,4,2,I Town,0,,,NA,Muncipal Stadiun Road,NA,"Near Muncipal stadium, gate no. 1",A motorcycle hit the tyre one the road and the resulting he died during the treatment.,,
906,60848,ak,12/11/2012,1,53,Vizag,00/01/1900,09/07/2010,2,0,0,3,1,1,1,8,1,2,9,1,,4,2,I Town,0,,,NA,shipping harbour road,NA,Near Fishing Harbour Road,"A motorcycle hit the divider and fell down on the road ,as a resulting rider died on the spot and pillion rider injured.",,
907,60849,ak,12/11/2012,1,76,Vizag,00/01/1900,10/11/2010,7,1,0,3,1,0,1,10,1,2,9,1,,4,2,I Town,0,,,NA,Main Road,NA,Velampeeta Bus Stop,A lady travel in the bus with their family and she slipped from the bus and died during the treatment.,,
908,60850,ak,12/11/2012,1,77,Vizag,00/01/1900,21/10/2010,1,0,0,3,1,0,1,9,1,2,9,1,,4,0,I Town,0,,,NA,Beach Road,NA,Near Laxmi Talkies,"A motorcycle skid on the road and fell down in the pit, as a resulting he died during the treatment.",,
909,60851,ak,12/11/2012,1,64,Vizag,00/01/1900,03/08/2011,2,0,9,3,1,0,1,1,1,2,9,1,,4,1,I Town,0,,,NA,NA,NA,Near General Cargo Berth,A payloader hit the pedestrian and the resulting he died on the spot.,,
910,60852,ak,12/11/2012,1,150,Vizag,00/01/1900,06/07/2011,2,0,0,3,1,0,1,1,1,2,9,1,,4,3,I Town,0,,,Beach Road,Kotha Jalaripeetad road,Kotha Jalari peta,Near Puliraju Office,"A child hit by the , three wheeler goods auto and the resulting she died before reaching the hospital.",,
911,60853,ak,12/11/2012,1,20,Vizag,00/01/1900,29/01/2010,5,0,9,3,2,3,2,2,1,2,9,1,,4,3,Mandirapalem,1,,,NA,NA,NA,Near Dakkavanipalem Village,A lorry hit the auto in opposition direction and the resulting 2 pessenger of auto died on the spot and other 3 injured.,,
912,60854,ak,12/11/2012,1,113,Vizag,00/01/1900,18/05/2010,2,0,9,3,1,0,1,1,1,2,9,1,,4,2,III Town,0,,,NA,N.H 5 Road,NA,Opp. To Isukathota Bus Stop,"A pedestrian hit by the lorry ,while crossing the road. As a resulting he died during treatment.",,
913,60855,ak,12/11/2012,1,246,Vizag,00/01/1900,10/09/2010,3,1,9,3,1,0,1,1,1,2,9,1,,4,2,III Town,0,,,NA,NA,NA,Near SST School,"A lady hit by the motorcycle ,while crossing the road. As a resulting she  died during the treatment.",,
914,60856,ak,12/11/2012,1,55,Vizag,00/01/1900,14/04/2010,3,1,9,3,1,0,1,1,1,2,9,1,,4,1,Kancharapalem,0,,,NA,NA,NA,Opp. To Rythu Bazar,A 4 wheeler hit the pedestrian and the resulting he died during the treatment.,,
915,60857,ak,12/11/2012,1,78,Vizag,00/01/1900,05/12/2010,3,0,9,3,1,0,1,1,1,2,9,1,,4,3,Kancharapalem,0,,,NA,NA,NA,On Kancharapalem Fly Over Bridge,A auto overtaking the other vehcle at the same time auto hit the pedestrian. As a resulting pedestrian died during the treatment.,,
916,60858,ak,12/11/2012,1,74,Vizag,00/01/1900,22/05/2010,6,0,9,3,1,0,2,99,2,2,9,1,,4,2,IV Town,0,,,NA,Dondaparthi road,NA,At Sri Surya Junction,A cyclist hit by the bus and the resulting he died during the treatment.,,
917,60859,ak,12/11/2012,1,168,Vizag,00/01/1900,07/10/2011,7,1,0,3,2,0,2,3,1,2,9,1,,4,3,IV Town,0,,,NA,N.H 5 Road,NA,"Near Leprocy Colony, Thatichetlapalem",A auto try to avoid the accident between two bus and hit the lorry from the back side.As a resulting two passenger died on the spot.,,
918,60860,ak,12/11/2012,1,123,Vizag,00/01/1900,14/05/2011,7,1,9,3,1,0,1,1,1,2,9,1,,4,3,IV Town,0,,,NA,Dandaparthy road,NA,Opp. To Pujita Auto Consultancy,A Scooterist hit by the scooterist and the resulting he died during the treatment.,,
919,60861,ak,14/11/2012,1,74,Vizag,00/01/1900,09/11/2007,2,1,9,3,1,0,2,99,1,2,9,1,,4,2,IV Town,0,,,NA,N.H 5 Road,Port Golden Jublee Hospital,Near Tadithettapalem,A lorry hit the motorcycle and the resulting motercyclist died on the spot.,,
920,60862,ak,14/11/2012,1,77,Vizag,00/01/1900,22/09/2007,6,0,9,3,1,0,2,1,2,2,9,1,,4,2,IV Town,0,,,NA,N.H 5 Road,TBH NH 5 Road,Near Gurudde NH 5 Junction,A lorry hit the motorcycle and the resultiang motorcylist died on the spot.,,
921,60863,ak,14/11/2012,1,33,Vizag,00/01/1900,05/10/2007,4,0,9,3,1,0,1,1,1,2,9,1,,4,0,IV Town,0,,,Thatichetlapalem,N.H 5 Road,Akkayyapalem,In front of Lourdhumatha church,A lorry hit the pedestrian and the resulting he died on the spot.,,
922,60864,ak,14/11/2012,1,2,Vizag,00/01/1900,01/02/2007,2,0,9,3,1,0,1,1,1,2,9,1,,4,3,IV Town,0,,,NA,N.H 5 Road,NA,Near Sivanagar colony,A car hit the motorcycle and the resulting one person of motorcycle died on the spot and other injured and a pedestrian.,,
923,60865,ak,14/11/2012,0,11,Vizag,00/01/1900,01/11/2010,1,0,9,3,1,2,2,99,1,2,9,1,,4,0,IV Town,0,,,NA,NA,Akkayyapalem,near gurudwara 38 bus stop,A car hit the motorcycle and resulting one person of motorcycle died on the spot and other two injured.,,
924,60866,ak,14/11/2012,0,13,Vizag,00/01/1900,26/01/2010,2,1,9,3,1,0,1,1,1,2,9,1,,4,0,IV Town,0,,,Akkayapalem,N.H 5 Road,Thatichetlapalem,Near Hanuman Temple,A motorcycle hit the pedestrian and the resulting he died during the treatment.,,
925,60867,ak,14/11/2012,1,337,Vizag,00/01/1900,03/03/2010,3,0,9,3,1,0,1,1,1,2,9,1,,4,2,IV Town,0,,,NA,N.H 5 Road,NA,At Tatichetlapalem bus stop,A tipper hit the pedestrain and the resulting he died on the spot.,,
926,60868,ak,14/11/2012,1,36,Vizag,00/01/1900,03/07/2010,6,0,9,3,1,0,1,1,1,2,9,1,,4,0,IV Town,0,,,Diamond park Road,N.H 5 Road,Shantipuram,Opp. To Kinnera Mess,A motorcycle hit the pedestrian and the resulting he died under treatment.,,
927,60869,ak,14/11/2012,1,38,Vizag,00/01/1900,03/11/2010,3,0,9,3,1,0,1,1,1,2,9,1,,4,1,IV Town,0,,,Thatichetlapalem,N.H 5 Road,Akkayyapalem,Near Bevans Public School,A motorcycle hit the pedestrian from the back and the resulting he died during the treatment.,,
928,60870,ak,14/11/2012,1,44,Vizag,00/01/1900,24/03/2010,3,1,9,3,1,0,1,1,1,2,9,1,,4,3,IV Town,0,,,NA,N.H 5 Road,NA,Near DLO Junction,A goods auto hit the pedestrian and the resulting he died during the treatment.,,
929,60871,ak,14/11/2012,1,61,Vizag,00/01/1900,05/03/2010,1,0,9,3,1,0,2,99,1,2,9,1,,4,2,IV Town,0,,,Akkayapalem,N.H 5 Road,Thatichetlapalem,Near AnjaneyaSwamy Temple,A lorry hit the scooty and as a resulting rider of the scooty died during ther treatment.,,
930,60872,ak,14/11/2012,1,67,Vizag,00/01/1900,13/05/2010,4,0,9,3,1,998,1,1,1,2,9,1,,4,2,IV Town,0,,,Thatichetlapalem,80 feet Road,Akkayyapalem,Near Kendreeya Vidyalam,"Some person was sleeping infront of their home ,at the same time a TATA ACE car came in rash manner and ran over him.As a resulting one person died and others injured.",,
931,60873,ak,14/11/2012,1,69,Vizag,00/01/1900,05/10/2010,1,0,9,3,1,0,1,1,1,2,9,1,,4,1,IV Town,0,,,Thatichetlapalem,N.H 5 Road,Akkayyapalem,At port stadium junction pedestrian crossingh,"A motorcycle hit he pedestrian , and as a resulting he died during the treatment.",,
932,60874,ak,14/11/2012,1,202,Vizag,00/01/1900,14/10/2010,4,1,9,3,1,0,2,99,1,2,9,1,,4,1,IV Town,0,,,NA,N.H 5 Road,NA,Near Akkayapalem,A lorry hit the motorcycle and the resulting motorcyclist died during the treatment.,,
933,60875,ak,14/11/2012,1,221,Vizag,00/01/1900,27/10/2010,3,0,9,3,1,0,2,99,1,2,9,1,,4,1,IV Town,0,,,NA,N.H 5 Road,Kancharapalem,Near 28 Bus Stop,"A lorry hit the moppad and the resulting one person of the moped fell down on the road, and died during treatment.",,
934,60876,ak,14/11/2012,1,225,Vizag,00/01/1900,11/04/2010,4,0,9,3,2,0,2,1,1,2,9,1,,4,2,IV Town,0,,,NA,N.H 5 Road,NA,Thatichetlapalem,A lorry hit the motorcycle and the resulting both the person on motorcycle died during the treatment.,,
935,60877,ak,14/11/2012,1,127,Vizag,00/01/1900,25/05/2011,3,0,9,3,1,0,1,1,1,2,9,1,,4,3,IV Town,0,,,NA,N.H 5 Road,NA,Near Thatichetlapalem road,A lorry hit the unknown person and the resulting he died on the spot.,,
936,60878,ak,15/11/2012,1,159,Vizag,00/01/1900,07/01/2011,4,0,0,3,1,0,1,10,2,2,9,1,,4,0,IV Town,0,,,Akkayapalem,N.H 5 Road,Gurudwara,Near Santhipuram Junction,"A motorcyclist skid on the road, resulting he died during the treatment.",,
937,60879,ak,15/11/2012,0,,Vizag,,26/08/2011,5,1,0,3,1,1,1,8,1,2,1,1,,4,0,IV Town,0,,,NA,N.H 5 Road,NA,Near Diamond Park,A motorcycle hit the divider and the resulting rider died during the treatment and pillion rider injured.,,
938,60880,ak,15/11/2012,0,,Vizag,00/01/1900,17/10/2011,1,0,9,3,1,0,1,1,1,2,9,1,,4,0,IV Town,0,,,Thatichetlapalem,NA,NA,"Near Railway New Colony, SaiBaba Temple","A motorCycle hit the pedestrian ,resulting pedestrian died under treatment.",,
939,60881,ak,15/11/2012,0,,Vizag,00/01/1900,25/10/2011,2,0,9,3,1,0,2,3,1,2,9,1,,4,,IV Town,0,,,NA,NA,NA,"Near Satyam Junction, Gandhinagar","A lorry hit the motorcycle from the back side, as a resulting motorcyclist died on the spot.",,
940,60882,ak,15/11/2012,1,18,Vizag,00/01/1900,18/01/2011,2,0,9,3,1,0,1,1,1,2,9,1,,4,2,IV Town,0,,,Akkayapalem,N.H 5 Road,Thatichetlapalem,"Narsaimha Nagar, Pedestrian Crossing","A 12 yrs child hit by the car while crossing the road, and as a resulting he died on the spot.",,
941,60883,ak,15/11/2012,1,265,Vizag,00/01/1900,25/10/2010,4,0,9,3,1,0,2,3,1,2,9,1,,4,1,IV Town,0,,,Akkayapalem,N.H 5 Road,Thatichetlapalem,At Akkayapalem Signal Junction,"A lorry hit the stoped scooty and ran over the scooty driver ,as a resulting she died on the spot.",,
942,60884,ak,15/11/2012,1,50,Vizag,00/01/1900,03/07/2011,7,1,1,3,1,0,2,99,1,2,9,1,,4,1,IV Town,0,,,Meghalaya Hotel,N.H 5 Road,Gurudwara Junction,Opp. To Port Stadium,A unknown vehicle hit the motorcycle and as resulting motorcyclist died during the treatmetn.,,
943,60885,ak,15/11/2012,1,51,Vizag,00/01/1900,03/09/2011,3,0,1,3,1,0,1,1,1,2,9,1,,4,3,IV Town,0,,,NA,Railway New Colony Road,NA,Near Railway New Colony Saibaba Temple,A unknown vehicle hit the  pedestrian and the resulting he died during the treatment.,,
944,60887,ak,15/11/2012,1,82,Vizag,00/01/1900,04/07/2011,4,0,9,3,1,0,1,1,1,2,9,1,,4,3,IV Town,0,,,NA,Railway New Colony Road,NA,Near Railway New Colony Srinivas kalyana mandapam,A tractor trailer hit the unknown pedestrian and the resulting pedestrian died during the treatment.,,
945,60888,ak,15/11/2012,1,52,Vizag,00/01/1900,07/05/2007,4,0,9,3,1,0,1,1,1,2,9,1,,4,1,IV Town,0,,,Thatichetlapalem,N.H 5 Road,Akkayyapalem,Opp. To Golden Jublee Hospital Bus Stop,"A motorcycle hit the pedestrian, while crossing the road as a resulting pedestrian died before reaching hospital.",,
946,60889,ak,15/11/2012,1,64,Vizag,00/01/1900,08/11/2007,5,1,0,3,1,0,1,1,1,2,9,1,,4,2,IV Town,0,,,Akkayapalem,N.H 5 Road,Thatichetlapalem,"Opp. Anjaneyaswamy statue, Thatichetlapalem","A Scooter came in rash manner and hit the pedestrian ,as a resulting pedestrian died during the treatment.",,
947,60890,ak,15/11/2012,1,80,Vizag,00/01/1900,30/10/2008,4,1,9,3,1,0,2,99,1,2,9,1,,4,2,IV Town,0,,,SBH,N.H 5 Road,Sitammadhere,"Near ladies tailours shop,seethammadhere",A auto hit the motorcycle and the resulting motorcyclist died during the treatment.,,
948,60891,ak,15/11/2012,1,65,Vizag,00/01/1900,20/08/2008,3,0,9,3,1,0,2,99,3,2,9,1,,4,2,IV Town,0,,,NA,N.H 5 Road,Akkayyapalem,NA,A lorry hit the motorcycle and pillion rider crash by the lorry. As a resulting he died on the spot.,,
949,60892,ak,15/11/2012,1,40,Vizag,00/01/1900,04/07/2008,6,1,9,3,1,0,1,1,1,2,9,1,,4,1,IV Town,0,,,Thatichetlapalem,N.H 5 Road,Akkayyapalem,Opp. To Bhavan public school,A motorcycle hit the pedestrian and the resulting he died during the treatment.,,
950,60893,ak,15/11/2012,1,99,Vizag,00/01/1900,22/12/2008,1,0,9,3,1,0,1,1,2,2,9,1,,4,1,IV Town,0,,,T.B Hospital,N.H 5 Road,Gurudwara,Opp. To Old Petrol Bunk,A car hit the lady pedestrian and the resulting she died on the spot.,,
951,60894,ak,15/11/2012,1,46,Vizag,00/01/1900,22/05/2008,4,0,9,3,1,0,2,3,1,2,9,1,,4,1,IV Town,0,,,Sitampete,N.H 5 Road,RTC Complex,Near SBI DwarakaNagar,"A car hit the motorcycle from the back side, as a resulting motorcyclist died under the treatment.",,
952,60895,ak,15/11/2012,1,72,Vizag,00/01/1900,19/09/2008,5,0,9,3,1,0,1,1,1,2,9,1,,4,3,IV Town,0,,,NA,N.H 5 Road,Complex,At railway Station Chandana Bus Stop,A RTC Bus hit the pedestrian and the resulting he died on the spot.,,
953,60896,ak,15/11/2012,1,56,Vizag,00/01/1900,07/06/2008,6,0,0,3,1,1,2,10,1,2,9,1,,4,2,IV Town,0,,,NA,N.H 5 Road,NA,At Thatichetlapalem 38 bus Stop,"A motorcycle hit the bus from the back ,as a resulting rider of ther motorcycle died on the spot and pillion rider injured.",,
954,60897,ak,15/11/2012,1,6,Vizag,00/01/1900,17/01/2008,3,0,0,3,1,0,1,8,1,2,9,1,,4,1,IV Town,0,,,NA,N.H 5 Road,NA,Opp. To GandhiNagar,"A motorcycle hit the Fixed object(safty stopper) ,as a resulting he died before reaching the hospital.",,
955,60898,ak,15/11/2012,1,85,Vizag,00/01/1900,11/12/2008,2,0,1,3,1,0,1,1,1,2,9,1,,4,1,IV Town,0,,,NA,NA,NA,At Narasimha Nagar,A unknown vehicle hit the pedestrian and the resulting he died on the spot.,,
956,60899,ak,15/11/2012,1,88,Vizag,00/01/1900,24/11/2008,1,1,9,3,1,0,2,4,2,2,9,1,,4,1,IV Town,0,,,Thatichetlapalem,NA,Nadilepaleme,GJH Junction,"A auto hit the motorcycle from the right side ,as a resulting motorcyclist died during the treatment.",,
957,60900,ak,15/11/2012,1,30,Vizag,00/01/1900,04/03/2008,4,0,9,3,1,1,2,3,1,2,9,1,,4,1,IV Town,0,,,NA,T.B Hospital Road,Kancharapalem,"Near GandhiNagar ,T.B Hospital",A van came in rash manner as overtaking the motorcycle and hit him and the resulting rider of the pillion rider died on the spot and rider injured.,,
958,60901,ak,16/11/2012,1,51,Vizag,00/01/1900,19/06/2008,4,0,9,3,1,0,1,1,2,2,9,1,,4,1,IV Town,0,,,NA,N.H 5 Road,NA,At Akkayapalem NH 5 Junction,"A lorry hit the pedestrian while crossing the road, as a resulting he died on the spot.",,
959,60902,ak,16/11/2012,1,55,Vizag,00/01/1900,07/01/2008,7,1,9,3,1,0,2,99,2,2,9,1,,4,1,IV Town,0,,,Thatichetlapalem,N.H 5 Road,Gurudwara,At G.J Hospital,A car hit the motorcycle and the resulting motorcyclist died during the treatment.,,
960,60903,ak,16/11/2012,1,2,Vizag,00/01/1900,01/02/2009,4,0,9,3,1,0,2,99,1,2,9,1,,4,2,IV Town,0,,,NA,NA,NA,Near Jassarao Bridge,A bajaj chetak scooter hit the motorcycle and the resulting motorcyclist died during the treatment.,,
961,60904,ak,16/11/2012,1,3,Vizag,00/01/1900,01/03/2009,5,0,0,3,1,0,1,10,2,2,9,1,,4,1,IV Town,0,,,Dwarka,N.H 5 Road,Koormainpalem,Akkayapalem NH 5 Junction,"A person slipped from the bus and fell down on the road ,as a resulting he died during the treatment.",,
962,60905,ak,16/11/2012,1,6,Vizag,00/01/1900,20/01/2009,1,0,9,3,1,0,1,1,1,2,9,1,,4,1,IV Town,0,,,RTC Complex,Seethampeta Road,Gurudwara HighWay,At opp. To Swagath lodge,"A van hit the pedestrian while crossing the road , as a resulting he died before reaching the hospital.",,
963,60906,ak,16/11/2012,1,16,Vizag,00/01/1900,17/02/2009,4,0,9,3,1,0,1,1,1,2,9,1,,4,2,IV Town,0,,,Akkayapalem,NA,Thatichetlapalem,Near Thatichetlapalem pedestrian crossing,"A scooter hit the pedestrian while crossing the road, as a resulting he died during the treatment.",,
964,60907,ak,16/11/2012,1,24,Vizag,00/01/1900,15/03/2009,6,0,9,3,1,0,1,10,2,2,9,1,,4,1,IV Town,0,,,NA,NA,NA,"Opp. To Durga Ganpathi Temple, Seethammapeta Junction","A auto driver  reverse their vehicle and fell down on the road ,as a resulting a passenger died during the treatment.",,
965,60908,ak,16/11/2012,1,67,Vizag,00/01/1900,20/07/2009,7,1,0,3,1,0,1,10,1,2,9,1,,4,,IV Town,0,,,Akkayapalem,N.H 5 Road,Thatichetlapalem,Near RajeevGandhi Colony,"A Scooter skid on the road ,as a resulting pillion rider died on the spot.",,
966,60909,ak,16/11/2012,1,72,Vizag,00/01/1900,29/07/2009,4,0,9,3,1,0,2,99,1,2,9,1,,4,0,IV Town,0,,,Gurudwara,N.H 5 Road,Akkayyapalem,Near shantipuram Junction,"A kinetic honda hit the Bajaj spirit ,as a resulting rider of the bajaj spirit died during the treatment.",,
967,60910,ak,16/11/2012,1,74,Vizag,00/01/1900,30/07/2009,4,0,9,3,1,0,1,1,1,2,9,1,,4,2,IV Town,0,,,Akkayapalem NH 5,N.H 5 Road,Akkayapalem Main Road,Opp. To Maharani Parlour,"A School Bus hit the lady pedestrian ,as a resulting she died on the spot.",,
968,60911,ak,16/11/2012,1,76,Vizag,00/01/1900,31/07/2009,5,0,9,3,1,0,1,1,1,2,9,1,,4,1,IV Town,0,,,T.B Hospital,N.H 5 Road,Gurudwara,Near GandhiNagar,"A lorry hit the pedestrian and ran over by its back tyre ,as a resulting pedestrian died on the spot.",,
969,60912,ak,16/11/2012,1,88,Vizag,00/01/1900,09/06/2009,7,1,0,3,1,1,1,8,1,2,9,1,,4,3,IV Town,0,,,Thatichetlapalem,NA,Railways Colony,Opp. To Shridhi Sai Temple,A motorcycle hit the divider and the resultingh one the passenger died on the spot and other injured.,,
970,60913,ak,16/11/2012,1,102,Vizag,00/01/1900,14/10/2009,3,0,9,3,1,0,1,1,1,2,9,1,,4,2,IV Town,0,,,Akkayapalem,N.H 5 Road,Thatichetlapalem,Near 38 no. bus stop,"A tanker lorry hit the pedestrian while crossing the road ,as a resulting he died on the spot.",,
971,60914,ak,16/11/2012,1,114,Vizag,00/01/1900,22/11/2009,7,1,0,3,1,0,1,8,1,2,9,1,,4,2,IV Town,0,,,NA,N.G.G.O's Colony Road,NA,Opp. To Municipal High School,A Scooterist hit the electric pole and died on spot.,,
972,60915,ak,16/11/2012,1,126,Vizag,00/01/1900,18/12/2009,5,0,9,3,1,0,1,1,1,2,9,1,,4,2,IV Town,0,,,Srisurya,NA,SriKanya,Opp. To Gokul Wine Shop,"A motorcycle came in rash manner and hit the pedestrian while crossing the road, as a resulting he died during the treatment.",,
973,60916,ak,16/11/2012,0,87,Vizag,,09/01/2009,2,0,0,3,1,0,1,10,1,2,9,1,,4,,IV Town,0,,,Akkayapalem,NA,NAD Road,Near Thatichetlapalem 38 no. Bus Stop,"A person slipped down from the bus and fell on the road ,as a resulting he died on the spot.",,
974,60917,ak,16/11/2012,0,86,Vizag,00/01/1900,09/01/2009,2,0,1,3,1,0,1,1,1,2,9,1,,4,,IV Town,0,,,NA,NA,NA,"Near Shantipuram Junction, opp. To petrol bunk",A unknown vehicle hit the unknown pedestrian and the resulting he died on spot.,,
975,60918,ak,16/11/2012,1,109,Vizag,00/01/1900,11/06/2009,5,0,9,3,1,0,1,1,1,2,9,1,,4,,IV Town,0,,,Akkayapalem,NA,SriSurya Nagar,Near teat stall,"A auot hit the pedestrian while crossing the road, as a resulting he died during the treatment.",,
976,60919,ak,16/11/2012,1,94,Vizag,00/01/1900,29/09/2009,2,0,9,3,1,0,1,1,1,2,9,1,,4,,IV Town,,,,SriSurya,NA,Akkayyapalem,Near Akkayapalem Bar & Restaurent,"A bus came in rash manner and hit the pedestrian , as a resulting he died on the spot.",,
977,60920,ak,16/11/2012,1,83,Vizag,00/01/1900,18/08/2009,,0,9,3,1,0,1,1,1,2,9,1,,4,,IV Town,0,,,NAD Road,NA,Gurudwara,Near Old TB Hospital,"A bus came in rash manner and hit the pedestrian while crossing the road, as a resulting he died before reaching the hospital.",,
979,60921,ak,19/11/2012,0,124,Vizag,00/01/1900,14/12/2009,1,0,9,3,1,0,1,1,1,2,9,1,,4,,IV Town,0,,,Akkayapalem,N.H 5 Road,Maddilapalem,Near Old T.B Hospital,"A auto came in rash manner and hit the pedestrian, as a resulting hed died on the spot.",,
980,60922,ak,19/11/2012,0,66,Vizag,00/01/1900,19/06/2009,5,0,9,3,1,0,2,99,1,2,9,1,,4,,IV Town,0,,,Thatichetlapalem,N.H 5 Road,Gurudwara,Near Narashimha Nagar,"A car hit the motorcycle , as a resulting motorcyclist died under treatment.",,