Accident ID,Form No,Filled By,Filled Date,Police Report Available,FIR No,City/Town/Village Name,Time of Accident,Date of Accident,Day of Accident,Holiday,Hit and Run,Accident Severity,No of Fatalities,No of Injured,No of vehicles,Collision Type,Collision Spot,Type of Road,Divider,Location,Light Condition,Road Catagory,Distance,Police Station,Special Case,Global Position(Latitude),Global Position (Longitude),Road 1,Road 2,Road 3,Landmark,Note,Accused Vehicle Coming From,No of Occupant
981,60923,ak,19/11/2012,0,57,Vizag,00/01/1900,06/07/2009,7,1,9,3,1,0,1,1,1,2,9,1,,4,,IV Town,0,,,Akkayapalem,NA,Thatichetlapalem,Near thatichetlapalem 38 Bus Stop,"A car came in rash manner and hit the pedestrian while crossing the road, as a resulting he died during the treatment.",,
982,60924,ak,19/11/2012,1,52,Vizag,00/01/1900,29/05/2009,5,0,9,3,1,0,1,1,1,2,9,1,,4,,IV Town,0,,,Thatichetlapalem,NA,Akkayyapalem,Opp. To Balaji Medical Shop,"A auto came in rash manner  and hit the pedestrian ,as a resulting he died on the spot.",,
983,60925,ak,19/11/2012,0,51,Vizag,,04/03/2009,5,0,9,3,1,0,2,99,2,2,9,1,,4,,IV Town,0,,,Gurudwara,N.H 5 Road,Thatichetlapalem,At Akkayapalem Signal Junction,"A car hit he motorcycle on the road junction, as a resulting motorcyclist died under treatment.",,
984,60926,ak,19/11/2012,1,1,Vizag,00/01/1900,01/04/2009,6,0,9,3,1,0,2,99,1,2,9,1,,4,1,New Port,0,,,NA,B.C Road,NA,Opp. To Marvel School,"A auto came in rash manner and hit the cyclist ,as a resulting cyclist died during the treatment.",,
985,60927,ak,19/11/2012,1,9,Vizag,00/01/1900,25/02/2009,3,0,9,3,1,0,2,99,2,2,9,1,,4,1,New Port,0,,,NA,B.C Road,Gajuwaka,Near Vikash Nagar Junction,"A lorry came in rash manner and hit the motorcycle while crossing the road, as a resulting motorcyclist died on the spot.",,
986,60928,ak,19/11/2012,1,19,Vizag,00/01/1900,29/05/2009,5,0,9,3,1,0,1,1,2,2,9,1,,4,2,New Port,0,,,NA,Dayal Nagar Road,NA,Near Vikas Nagar Junction,"A car came in rash manner and hit the lady pedestrian, as a resulting she died on the spot.",,
987,60929,ak,19/11/2012,1,20,Vizag,00/01/1900,06/04/2009,4,0,9,3,1,0,1,1,1,2,9,1,,4,2,New Port,0,,,NA,Gonthipalem Road,NA,Near Gonthinivanipalem primary School,"A bajaj pulsur motorcycle hit the lady pedestrian ,as a resulting she died during the treatment.",,
988,60930,ak,19/11/2012,1,37,Vizag,00/01/1900,12/08/2009,1,0,9,3,1,1,2,99,1,2,9,1,,4,0,New Port,0,,,NA,B.C Road,NA,Near Aruna Theatre,A trailor hit the motorcycle and the resulting one passenger of motorcycle died during treatment and other injured.,,
989,60931,ak,19/11/2012,1,27,Vizag,00/01/1900,31/08/2009,1,0,9,3,1,0,2,2,1,2,9,1,,4,1,New Port,0,,,Gajuwaka,NA,Pede Gantyada,Opp. To Police Quarters,"A lorry hit the motorcycle in opposite dierection, as a resulting motorcyclist died before reaching the hospital.",,
990,60932,ak,19/11/2012,1,8,Vizag,00/01/1900,03/10/2010,3,0,9,3,1,0,1,1,2,2,9,1,,4,1,New Port,0,,,NA,NA,NA,Near Port Junction,"A dumper with overload hit the pedestrian and crash over him ,as a resulting pedestrian died on the spot.",,
991,60933,Sunil,19/11/2012,1,10,Vizag,00/01/1900,23/03/2010,2,0,0,3,1,0,1,10,1,2,9,1,,4,3,New Port,0,,,NA,Vuda Colony,NA,Near Timpiny school,A Motorcycle skid on the road and motorcyclist death hospital during the under treatment.,,
992,60934,Sunil,19/11/2012,1,25,Vizag,00/01/1900,25/06/2010,5,0,0,3,1,0,1,10,2,2,9,1,,4,0,New Port,0,,,NA,B.C Road,NA,"Opposite TRR College, near pedagentyada junction",A Bike hit a cow and fell down on the road .the person on bike injured and died after medical treatment .,,
993,60935,Sunil,19/11/2012,1,21,Vizag,00/01/1900,05/12/2010,3,0,0,3,1,1,1,10,1,2,9,1,,4,3,New Port,0,,,NA,Gangavaram road,NA,Gangavarma culvert,A Motorcycle skid and fell in to the culvert so one person died on the spot and one is injured in hospital .,,
994,60936,Sunil,19/11/2012,1,83,Vizag,,09/12/2010,7,1,9,3,1,0,1,1,1,2,9,1,,4,,New Port,0,,,Gajuwaka,NA,Pede Gantyada,Dayal nagar Sai Baba tample,At the crossing time a pedestrian hit by motorcycle resulting his death in hospital during the medical treatment.,,
995,60937,Sunil,19/11/2012,1,120,Vizag,00/01/1900,16/11/2010,2,0,9,3,1,2,2,2,1,2,9,1,,4,2,New Port,0,,,Vankannapalem,Yathapalem road,NA,Near 38 RTC Bus stop,A Motorcycle hit by tractor head on resulting one person of bike died under treatment and two person are injured in hospital .,,
996,60938,Sunil,19/11/2012,1,5,Vizag,00/01/1900,01/06/2011,4,0,1,3,1,0,1,1,2,2,9,1,,4,1,New Port,0,,,NA,B.C Road,NA,Near HB Colony junctiion,A Unknown pedestrian hit by unknown vehicle . Pedestrian died on the spot .,,
997,60939,Sunil,20/11/2012,1,8,Vizag,00/01/1900,01/08/2011,6,0,9,3,1,0,2,99,1,2,9,1,,4,2,New Port,0,,,Gajuwaka,B.C Road,NA,"Opp.Mosque ,Near Old Traffic PS",A Motorcycle hit by an oil tanker resulting motorcyclist died on the spot .,,
998,60940,Sunil,20/11/2012,1,52,Vizag,00/01/1900,03/06/2011,7,1,9,3,1,0,2,2,2,2,9,1,,4,,New Port,0,,,NA,NA,Yatapalem,Bismillah Kate turning point,A Motorcycle hit by lorry head on resulting motorcyclist died in hospital during the medical treatment .,,
999,60941,Sunil,20/11/2012,1,92,Vizag,00/01/1900,04/11/2011,1,0,0,3,1,0,1,10,1,2,9,1,,4,8,New Port,0,,,NA,Yarada Road,NA,Yarada Hill,A Motorcycle hit a big stone and skid on the road .the motorcyclist died on the spot .,,
1000,60942,Sunil,20/11/2012,1,20,Vizag,00/01/1900,22/01/2011,6,0,9,3,1,0,1,1,1,2,9,1,,4,2,New Port,0,,,NA,Vikasnagar,NA,Bhavani Nagar Colony,A Scorpio while moving to and fro hit a boy standing at the back side of scorpio .the boy died on the spot .,,
1001,60943,Sunil,20/11/2012,1,138,Vizag,00/01/1900,14/06/2011,2,0,9,3,1,0,1,1,2,2,9,1,,4,2,New Port,0,,,gopalreddy nagar,Jaggu Junction Road,NA,"Opp.New Apartments ,Near Gopalreddynagar junction",A Pedestrian hit by  motorcycle resulting his on the spot .,,
1002,60944,Sunil,06/11/2012,1,270,Vizag,00/01/1900,21/08/2008,4,0,1,3,1,0,1,1,1,2,9,1,,4,0,Bheemili,0,,,NA,NA,NA,NA,A Pedeatrian hit by unknown vehicle resulting his death on the spot.,,
1003,60945,Sunil,06/11/2012,1,90,Vizag,00/01/1900,03/03/2008,2,0,9,3,1,0,1,1,1,2,9,1,,4,15,Bheemili,0,,,NA,NA,NA,Illandevi,A Pedestrian hit by tractor resulting his death on the spot .,,
1004,60946,Sunil,06/11/2012,1,104,Vizag,00/01/1900,03/09/2008,7,1,9,3,1,0,2,99,1,2,9,1,,4,0,Bheemili,0,,,NA,N.H 5 Road,NA,Samgluvalasa,A Lorry hit by another lorry .the cleaner of 1st lorry died on the spot,,
1005,60947,Sunil,06/11/2012,1,161,Vizag,00/01/1900,29/04/2008,2,0,9,3,1,0,1,1,1,2,9,1,,4,10,Bheemili,0,,,NA,NA,NA,Polipalli corner,A Pedestrian hit by tractor resulting his death on the spot.,,
1006,60948,Sunil,06/11/2012,1,162,Vizag,00/01/1900,21/04/2008,1,0,9,3,1,1,2,99,1,2,9,1,,4,10,Bheemili,0,,,NA,N.H 5 Road,Vijaya Nagram,Gollala Tallavalasa,"A Motorcycle hit stationad bus,so one person died under treatment and one person Injured .",,
1007,60949,Sunil,06/11/2012,1,164,Vizag,00/01/1900,13/05/2008,2,0,0,3,1,1,2,99,1,2,9,1,,4,6,Bheemili,0,,,Bhuvaneshwar,NA,Vijayawada,Tagarapuvalasa,A Lorry hit to stationed bus resulting lorry driver injured and cleaner died during treatment .,,
1008,60950,Sunil,06/11/2012,1,193,Vizag,00/01/1900,06/06/2008,5,0,9,3,1,0,1,1,1,2,9,1,,4,6,Bheemili,0,,,NA,NA,NA,Nalanda,A pedestrian hit by a lorry resulting his death in the hospital during treatment.,,
1009,60951,Sunil,06/11/2012,1,192,Vizag,00/01/1900,06/05/2008,4,0,0,3,1,1,2,10,1,2,9,1,,4,7,Bheemili,0,,,NA,N.H 5 Road,NA,Tagarapuvalasa ridge Mahankali Dhaba,A Motorcycle skid and hit to rickshaw resulting bike driver death on the spot and passenger are injured In hospital.,,
1010,60952,Sunil,07/11/2012,1,178,Vizag,00/01/1900,21/05/2008,3,0,0,3,1,0,1,1,1,2,9,1,,4,0,Bheemili,0,,,NA,N.H 5 Road,NA,Gouatealavalasa,A Lorry overturn and fell down on the road resulting lorrt cleaner dead on the spot .,,
1011,60953,Sunil,07/11/2012,1,201,Vizag,00/01/1900,19/06/2008,4,0,9,3,1,0,1,8,1,2,1,1,,4,8,Bheemili,0,,,Unloading Magneese Iron Site,N.H 5 Road,Bheemili Mandal,Velanda Peta,A Lorry hit to the divider after that fell down his cleaner on the road . Just another lorry coming on the road and crushed the cleaner and died on the spot .,,
1012,60954,Sunil,07/11/2012,1,87,Vizag,00/01/1900,03/01/2008,6,0,0,3,1,0,1,8,1,2,1,1,,4,6,Bheemili,0,,,NA,NA,NA,Tagarapuvalasa bridge,A Motorcycle hit to the divider resulting pillion rider dead in hospital during the medical treatment.,,
1013,60955,Sunil,07/11/2012,1,88,Vizag,00/01/1900,03/02/2008,7,1,9,3,1,0,1,1,1,2,9,1,,4,15,Bheemili,0,,,NA,Kori road,NA,Daka marri,A Lorry crushed the lorry cleaner who is sleeping near back tyres  whil reversing the lorry .,,
1014,60956,Sunil,07/11/2012,1,189,Vizag,00/01/1900,06/02/2008,1,0,9,3,1,0,1,1,1,2,9,1,,4,6,Bheemili,0,,,NA,N.H 5 Road,NA,3 Temple road,A Fishermen pedestrian hit by  jeep resulting his death on the spot.,,
1015,60957,Sunil,07/11/2012,1,3,Vizag,00/01/1900,01/01/2008,2,1,0,3,1,0,1,7,1,2,9,1,,4,15,Bheemili,0,,,NA,NA,NA,Muddadapta village,A Motorcycle skid and fell down on the road resulting motorcyclist dead in hospital during the medical treatment .,,
1016,60958,Sunil,07/11/2012,1,231,Vizag,00/01/1900,18/07/2008,5,0,9,3,1,0,1,10,1,2,9,1,,4,1,Bheemili,0,,,NA,NA,NA,lealthcunte,A Female fell down from runing bike and dead in hospital.,,
1017,60959,Sunil,07/11/2012,1,261,Vizag,00/01/1900,13/08/2008,3,0,9,3,1,0,1,1,2,2,9,1,,4,0,Bheemili,0,,,Visakhapatnam,by pass road,Vijaya Nagram,Tagarapuvalasa,A Pedestrian hit by RTC Bus on road junction resulting female dead in hospital during the medical treatment .,,
1018,60960,Sunil,07/11/2012,1,267,Vizag,00/01/1900,21/08/2008,4,0,1,3,1,0,2,99,1,2,9,1,,4,14,Bheemili,0,,,Sri Surya,NA,NA,ITS Gate,A Cycle hit by unkown vehicle resulting cyclist dead in hospital during the medical treatment.,,
1019,60961,sunil,07/11/2012,1,269,Vizag,00/01/1900,21/08/2008,4,0,9,3,1,0,2,99,1,2,9,1,,4,3,Bheemili,0,,,Tagarapuvalasa,NA,Bheemili,Maradepalli junction,A Motorcycle hit by lorry resulting motorcyclist died in hospital during the medical treatment .,,
1020,60962,Sunil,07/11/2012,1,285,Vizag,00/01/1900,09/04/2008,4,0,9,3,1,0,1,1,1,2,9,1,,4,8,Bheemili,0,,,Visakhapatnam,N.H 5 Road,Vijaya Nagram,Gouate teallrvalasa,A Pedestrian hit by car resulting his death on the spot.,,
1021,60963,Vijay,07/11/2012,1,295,Vizag,00/01/1900,09/11/2008,4,0,9,3,1,0,1,1,1,2,9,1,,4,8,Bheemili,0,,,Visakhapatnam,N.H 5 Road,Tagarapuvalasa,Near Sangihivalasa Service road,A pedestrian hit by a bus resulting his death on the spot.,,
1022,60964,Vijay,07/11/2012,1,311,Vizag,00/01/1900,25/09/2008,4,0,9,3,1,0,2,99,1,2,9,1,,4,4,Bheemili,0,,,NA,NA,NA,Tagarapuvalasa,"A motorcycle(A) collide with Motorcycle(B).Due to this hit,the pillion rider of the motorcycle(B) died in the hospital during treatment.",,
1023,60965,Vijay,07/11/2012,1,331,Vizag,00/01/1900,10/01/2008,3,0,9,3,1,0,1,1,1,2,9,1,,4,17,Bheemili,0,,,yagnam Peta,NA,Revidi,Yagnam Pete,"A pedestrian hit by a tractor, due to which he died in the hospital during treatment.",,
1024,60966,Vijay,07/11/2012,1,362,Vizag,00/01/1900,30/10/2008,4,1,9,3,1,1,2,99,1,2,9,1,,4,8,Bheemili,0,,,NA,N.H 5 Road,NA,Valandapete,A motorcycle hit by a jeep.The pillion rider died in the hospital during treatment and one other person got injured.,,
1025,60967,Vijay,07/11/2012,1,369,Vizag,00/01/1900,11/02/2008,7,1,9,3,1,0,1,1,1,2,9,1,,4,7,Bheemili,0,,,SriKakulam,N.H 5 Road,Vizag,Opp. Avanti College,A pedestrian hit by a car.Due to this hit the pedestrian died in the hospital during treatment.,,
1026,60968,Vijay,07/11/2012,1,391,Vizag,00/01/1900,29/11/2008,6,0,9,3,1,0,1,10,1,2,9,1,,4,13,Bheemili,0,,,NA,NA,NA,Pothanavari Reddy Palem,A tractor  fell down in the ditch.One of the tractor pessenger died on the spot.,,
1027,60969,Vijay,07/11/2012,1,394,Vizag,00/01/1900,12/03/2008,3,0,1,3,1,0,1,1,1,2,9,1,,4,5,Bheemili,0,,,Visakhapatnam,N.H 5 Road,Vijaya Nagram,Surya Nursing Home,A boy(5 yrs) hit by a unknown vehicle.The boy died on the spot.,,
1028,60970,Vijay,07/11/2012,1,424,Vizag,00/01/1900,27/12/2008,6,0,9,3,1,0,2,99,1,2,9,1,,4,6,Bheemili,0,,,NA,NA,NA,Near Gostarium Bridge,A Cyclist hit by a tractor.The cyclsit died in the hospital during treatment.,,
1029,60971,Vijay,07/11/2012,1,89,Vizag,00/01/1900,03/03/2008,1,0,1,3,1,0,1,1,1,2,9,1,,4,7,Bheemili,0,,,Visakhapatnam,N.H 5 Road,Tagarapuvalasa,Near Sangivalasa Opp. Power office,"A pedestrian hit by a unknown vehicle,due to which she died on the spot.",,
1030,60972,Vijay,07/11/2012,1,360,Vizag,00/01/1900,30/10/2008,2,1,9,3,1,1,3,99,1,2,9,1,,4,7,Bheemili,1,,,NA,NA,NA,3 Temple Sangivalasa,"A car in speeding manner come and hit a parked tractor.After hitting the tractor, the car hit another vehicle i.e; lorry.One of the person in car died on the spot and other one injured.",,
1031,60973,Vijay,07/11/2012,1,82,Vizag,00/01/1900,24/06/2011,5,0,1,3,1,0,1,1,1,2,9,1,,4,4,Anandapuram,0,,,NA,N.H 5 Road,NA,Boyi Palem,A pedestrian hit by a unknown vehicle.Due to this hit she died on the spot.,,
1032,60974,Vijay,07/11/2012,1,84,Vizag,00/01/1900,14/07/2011,4,0,0,3,1,0,1,8,1,2,1,1,,4,1,Anandapuram,0,,,NA,N.H 5 Road,NA,Opp. SBI Vellnaki,"A motorcycle collide with divider, due to which he died in the hospital during medical treatment.",,
1033,60975,Vijay,07/11/2012,1,90,Vizag,00/01/1900,27/07/2011,3,0,9,3,1,0,1,1,1,2,9,1,,4,15,Anandapuram,0,,,Pendurthi,S.H 38 Road,NA,SH-38 Road Gandigundam village,"A pedestrian hit by a unknown vehicle,due to which he died on the spot.",,
1034,60976,Vijay,07/11/2012,1,91,Vizag,00/01/1900,27/07/2011,3,0,9,3,1,1,2,99,1,2,9,1,,4,3,Anandapuram,0,,,NA,N.H 5 Road,NA,Near Orion Hotel,A motorcycle collide with a parked lorry.One of the perons on motorcycle died on the spot whiel other injured.,,
1035,60977,Vijay,07/11/2012,1,140,Vizag,00/01/1900,29/10/2011,6,0,9,3,1,0,1,1,1,2,9,1,,4,3,Anandapuram,0,,,NA,Anandapuram,NA,NA,A pedestrian hit a car while reversing the vehicle.The woman hitted by the car died on the spot.,,
1036,60978,Vijay,07/11/2012,1,5,Vizag,00/01/1900,28/02/2010,7,1,9,3,1,0,1,1,1,2,9,1,,4,5,Anandapuram,0,,,NA,Inside Gangavaram Port,NA,Rock loading No. 1,A pedestrian hit by a unknown vehicle due to which he died on the spot.,,
1037,60979,Vijay,07/11/2012,1,1,Vizag,00/01/1900,01/01/2011,6,1,9,3,1,998,2,2,1,2,9,1,,4,1,Anandapuram,1,,,NA,N.H 5 Road,NA,Vemulavalasa Bridge,A car collide with a lorry in head on collision.One of the car pessenger died on the spot while other pessengers injured.,,
1038,60980,Vijay,07/11/2012,1,5,Vizag,00/01/1900,20/01/2011,4,0,9,3,1,998,2,99,1,2,9,1,,4,4,Anandapuram,0,,,Anandapuram,S.H 38 Road,NA,Sri Laxmi poultries Taruluwada,A motorcycle hit by a van.One of the person of motorcycle died on the spot while others injured.,,
1039,60981,Vijay,07/11/2012,1,19,Vizag,00/01/1900,23/02/2011,3,0,9,3,2,0,2,99,1,2,9,1,,4,3,Anandapuram,0,,,NA,N.H 5 Road,NA,Near Vellanki Village,A car collide with a parked lorry.2 of the car person died on the spot due to this hit.,,
1040,60982,Vijay,07/11/2012,1,21,Vizag,00/01/1900,24/02/2011,4,0,9,3,1,0,2,2,1,2,9,1,,4,5,Anandapuram,0,,,Tagarapuvalasa,S.H 38 Road,Pendurthy,Gudilova Village,A oil tanker collide with a trailer in head on collision.The driver of the oil tanker died in the hospital during medical treatment.,,
1041,60983,Vijay,07/11/2012,1,22,Vizag,00/01/1900,27/02/2011,7,1,9,3,1,0,1,1,1,2,9,1,,4,20,Anandapuram,0,,,Anandapuram,S.H 38 Road,Pendurthy,Gandigundam Village,A Pedestrian hit by car resulting his death on the spot,,
1042,60984,Vijay,07/11/2012,1,23,Vizag,00/01/1900,28/02/2011,1,0,9,3,1,1,2,6,1,2,9,1,,4,5,Anandapuram,0,,,Visakhapatnam,N.H 5 Road,NA,Near ITC Company,A motorcycle hit by a bus form side.One of the person of motorcycle died on the spot and other one injured.,,
1043,60985,Vijay,07/11/2012,1,25,Vizag,00/01/1900,03/03/2011,4,0,1,3,1,0,1,1,1,2,9,1,,4,5,Anandapuram,0,,,Anandapuram,N.H 5 Road,Medhu vada,Boyapalem,A pedestrian hit by a auto resulting his death in the hospital during treatment.,,
1044,60986,Vijay,07/11/2012,1,27,Vizag,00/01/1900,03/10/2011,4,1,0,3,1,1,1,8,1,2,9,1,,4,15,Anandapuram,0,,,NA,NA,NA,Near Bakurupalem,A motorcycle collide with a tree.One of the perosn died on the spot and other one injured.,,
1045,60987,Vijay,07/11/2012,1,28,Vizag,00/01/1900,03/11/2011,5,0,9,3,1,1,2,3,1,2,9,1,,4,0,Anandapuram,0,,,Chippede,N.H 5 Road,Vizag,Vemulavalasa,A motorcycle hit by a tata ace.One of the motorcycle person diedont he spot and other injured and admitted ot the hospital.,,
1046,60988,sunil,08/11/2012,1,44,Vizag,00/01/1900,04/01/2011,5,0,9,3,1,0,1,1,1,2,9,1,,4,5,Anandapuram,0,,,Tagarapuvalasa,N.H 5 Road,Anandapuram,Peddipalem,A Pedestrian hit by CAR  resulting female death on the spot.,,
1047,60989,sunil,08/11/2012,1,55,Vizag,00/01/1900,25/04/2011,1,0,0,3,2,998,1,8,2,2,9,1,,4,3,Anandapuram,0,,,Maddi,Podugupalem village junction,Vizag,Podugupalem,A Lorry hit to an electric pole resulting two labour person died on the spot and other injured.,,
1048,60990,sunil,08/11/2012,1,63,Vizag,00/01/1900,14/05/2011,6,0,9,3,1,998,2,3,1,2,9,1,,4,2,Anandapuram,0,,,NA,N.H 5 Road,Vizag,Near Vellanki village,"Due to sudden brakes applied by a van(A)instantely, an another van(B) coming from back side collide with it.The Pessenger of van(B) died on the spot and other injured.",,
1049,60991,Sunil,08/11/2012,1,72,Vizag,00/01/1900,06/10/2011,5,1,0,3,1,998,1,8,1,2,9,1,,4,12,Anandapuram,0,,,pendurthi,S.H 38 Road,Vijaya Nagram,VITS Collage sontyam,A Van hit the bridge wall resulting one person died on the spot other injured.,,
1050,60992,Sunil,08/11/2012,1,70,Vizag,00/01/1900,06/06/2011,7,1,9,3,1,0,1,1,1,2,9,1,,4,4,Anandapuram,0,,,Tagarapuvalasa,N.H 5 Road,Anandapuram,opp. Chanti raju hotel,A Pedestrian hit by CAR resulting his death on the spot,,
1051,60993,Vijay,08/11/2012,1,15,Vizag,00/01/1900,14/01/2007,7,1,9,3,1,0,2,99,1,2,9,1,,4,7,Bheemili,0,,,NA,N.H 5 Road,NA,Nalanda Junction,"An auto hit by a car,due to which a person seriously injured.The person later died in the hospital during medical treatment.",,
1052,60994,Vijay,08/11/2012,1,173,Vizag,00/01/1900,05/06/2007,7,1,0,3,1,1,1,10,1,2,9,1,,4,8,Bheemili,0,,,NA,N.H 5 Road,NA,Burapeta Village,"Due to skid of motorcycle,one person died on the spot and other one injured and admitted to hospital.",,
1053,60995,Vijay,08/11/2012,1,396,Vizag,00/01/1900,29/09/2007,4,0,9,3,1,0,1,1,1,2,9,1,,4,15,Bheemili,1,,,Sunebeda,NA,Vizag,NA,"A person was running for trying to catch a bus.Due to sudden brakes applied by the bus driver,the person accidentaly collide  with the bus rear part due to which he suffers serious injuries,which caused his death in the hospital during treatment.",,
1054,60996,Vijay,08/11/2012,1,468,Vizag,00/01/1900,11/05/2007,1,0,9,3,1,0,1,1,1,2,9,1,,4,6,Bheemili,0,,,NA,N.H 5 Road,NA,Ramanna Peta,A pedesstrian hit by a motorcycle resulting his death in the hospital during treatment.,,
1055,60997,Vijay,08/11/2012,1,266,Vizag,00/01/1900,27/07/2007,1,0,9,3,1,0,1,1,1,2,9,1,,4,14,Bheemili,0,,,NA,N.H 43 Road,NA,Bodametha pelam,A pedesstrian hit by a motorcycle resulting her death in the hospital during treatment.,,
1056,60998,Vijay,08/11/2012,1,79,Vizag,00/01/1900,03/08/2007,4,0,9,3,1,0,1,1,1,2,9,1,,4,10,Bheemili,0,,,NA,NA,NA,Maruthi Nagar Canter,A padestrian hit by a motorcycle resulting his death before reaching hospital.,,
1057,60999,Vijay,08/11/2012,1,22,Vizag,00/01/1900,18/01/2007,4,0,9,3,1,0,2,10,1,2,9,1,,4,10,Bheemili,0,,,Vizianagaram,N.H 5 Road,NA,Maduruwada fly over,"Due to tyre burst,a lorry(A) driver lost his control and rammed into other lorry(B).Due to this hit,the driver of the lorry(A) suffers several head injuries causing his death in the hospital during treatment.",,
1058,61000,Vijay,08/11/2012,1,18,Vizag,00/01/1900,17/01/2007,3,0,1,3,1,0,2,99,1,2,9,1,,4,15,Bheemili,0,,,NA,N.H 43 Road,NA,NA,"A moped driver hit by a unknown vehicle,causing his death on the spot.",,
1059,61001,Vijay,08/11/2012,1,164,Vizag,00/01/1900,27/04/2007,5,0,9,3,1,0,2,3,1,2,9,1,,4,6,Bheemili,0,,,Vizianagaram,N.H 5 Road,Vizag,Valandapete,"A motorcycle hit form back side by a auto.Due to this,a person on motorcycle died during medical treatment.",,
1060,61002,Sunil,08/11/2012,1,517,Vizag,00/01/1900,12/01/2007,5,0,0,3,1,0,1,10,1,2,9,1,,4,18,Bheemili,0,,,NA,Beach road,Tample,totla konda,A Motorcycle skid on the road resulting his death on the in hhospital during the medical treatment .,,
1061,61003,Sunil,08/11/2012,1,1,Vizag,00/01/1900,27/10/2007,6,0,9,3,1,1,2,99,1,2,9,1,,4,6,Bheemili,0,,,NA,NA,NA,Gosthani Bridge,A Motorcycle hit by car resulting pillion rider died on the spot and rider are injured in hospital.,,
1062,61004,Sunil,08/11/2012,1,422,Vizag,00/01/1900,16/10/2007,2,0,9,3,2,0,2,3,1,2,9,1,,4,8,Bheemili,0,,,NA,NA,NA,Kapuluppada vuda layout,A Motorcycle hit by tractor .the tractor  turned to right side . resulting rider and pillion rider died before reaching hospital.,,
1063,61005,sunil,08/11/2012,1,550,Vizag,00/01/1900,26/12/2007,3,0,0,3,1,0,1,7,1,2,9,1,,4,6,Bheemili,0,,,NA,N.H 5 Road,Vizianagaram,Gosthani Bridge,A Lorry overturn on the road so lorry cleaner died during the medical treatment.,,
1064,61006,Sunil,08/11/2012,1,521,Vizag,00/01/1900,12/09/2007,7,1,1,3,1,0,1,1,1,2,9,1,,4,14,Bheemili,0,,,NA,NA,NA,neelayam saraswathi,A Pedestrian hit by unknown vehicle resulting his death on the spot.,,
1065,61007,Sunil,09/11/2012,1,260,Vizag,00/01/1900,19/07/2007,4,0,9,3,1,0,2,99,1,2,9,1,,4,0,Bheemili,0,,,NA,N.H 5 Road,NA,chillakalapalem junction,A Auto hit by tractor resulting auto passenger died in hospital during the medical treatment.,,
1066,61008,Sunil,09/11/2012,1,63,Vizag,00/01/1900,17/02/2007,6,0,9,3,1,0,2,99,1,2,9,1,,4,6,Bheemili,0,,,NA,NA,NA,Kancharapalem,An Auto hit by car so auto driver died on the spot.,,
1067,61009,Sunil,09/11/2012,1,71,Vizag,00/01/1900,23/02/2007,5,0,9,3,1,0,1,1,1,2,9,1,,4,7,Bheemili,0,,,NA,N.H 5 Road,NA,Valandapete Junction,A driver of a lorry died after met in a acident.The Driver died in the hospital during medical treatment.,,
1068,61010,Sunil,09/11/2012,1,130,Vizag,00/01/1900,04/08/2007,7,1,9,3,1,0,2,99,1,2,9,1,,4,15,Bheemili,0,,,NA,NA,NA,Kollivanipalem,A Scooter hit by lorry resulting scooter rider died in hospital during the medical treatment.,,
1069,61011,sunil,09/11/2012,1,132,Vizag,00/01/1900,04/09/2007,1,0,9,3,1,1,2,3,1,2,9,1,,4,5,Bheemili,0,,,NA,N.H 5 Road,NA,Ballaji mandir,A Scooter hit by truck so scooter rider died in hospital during the medical treatment and pillion rider are injured .,,
1070,61012,Sunil,09/11/2012,1,182,Vizag,00/01/1900,15/05/2007,2,0,9,3,1,0,1,1,1,2,9,1,,4,6,Bheemili,0,,,NA,NA,NA,parigivalasa,At the crossing time a pedestrian hit by lorry resulting his death on the spot .,,
1071,61013,Sunil,09/11/2012,1,264,Vizag,00/01/1900,17/09/2009,4,0,9,3,1,0,1,1,1,2,9,1,,4,7,Bheemili,0,,,NA,N.H 5 Road,NA,Avanthi collage,A female pedestrian hit by  unknown vehicle resulting her death on the spot.,,
1072,61014,sunil,09/11/2012,1,125,Vizag,00/01/1900,04/12/2009,7,1,9,3,1,0,1,10,1,2,9,1,,4,5,Bheemili,0,,,NA,NA,Raya palem,water tank crossing,A Motorcycle skid on the road so motorcycle rider died in hospital during the medical treatment.,,
1073,61015,Sunil,09/11/2012,1,353,Vizag,00/01/1900,28/12/2009,1,1,9,3,1,0,1,10,1,2,9,1,,4,6,Bheemili,0,,,NA,N.H 5 Road,NA,Avanthi collage,AN Auto skid and fell down on the road resulting one passenger died in hospital  during the medical treatment.,,
1074,61016,Vijay,09/11/2012,1,352,Vizag,00/01/1900,28/12/2009,1,1,9,3,1,2,2,99,1,2,9,1,,4,15,Bheemili,1,,,Visakhapatnam,N.H 43 Road,Vijaya Nagram,Daka marri Junction,"A motorcycle hit by a water tanker.One of the motorcycle person died on the spot, and other two were injured and admitted to hospital.",,
1075,61017,Vijay,09/11/2012,1,349,Vizag,00/01/1900,23/12/2009,3,0,9,3,1,0,1,1,1,2,9,1,,4,0,Bheemili,0,,,NA,NA,NA,China Bazar junction,A padestrian hit by a lorry resulting his death before reaching hospital.,,
1076,61018,Vijay,09/11/2012,1,347,Vizag,00/01/1900,22/12/2009,2,0,9,3,1,0,2,99,1,2,9,1,,4,12,Bheemili,0,,,NA,NA,NA,Raghu Engineering College,"A motorcycle hit by a jeep.Due to this hit,the motorcyclist suffers several injuries causing his death during medical treatment.",,