Accident ID,Form No,Filled By,Filled Date,Police Report Available,FIR No,City/Town/Village Name,Time of Accident,Date of Accident,Day of Accident,Holiday,Hit and Run,Accident Severity,No of Fatalities,No of Injured,No of vehicles,Collision Type,Collision Spot,Type of Road,Divider,Location,Light Condition,Road Catagory,Distance,Police Station,Special Case,Global Position(Latitude),Global Position (Longitude),Road 1,Road 2,Road 3,Landmark,Note,Accused Vehicle Coming From,No of Occupant
1077,61019,Vijay,09/11/2012,1,338,Vizag,00/01/1900,12/06/2009,7,1,0,3,1,2,2,99,1,2,9,1,,4,8,Bheemili,0,,,Visakhapatnam,N.H 5 Road,Vijaya Nagram,Gollala Tallavalasa,"A overloaded collide with a parked lorry.Due tot this,one of the person on motorcycle died on the spot and other 2 were injured.",,
1078,61020,Vijay,09/11/2012,1,327,Vizag,00/01/1900,27/11/2009,5,0,0,3,1,998,1,7,1,2,9,1,,4,6,Bheemili,0,,,NA,N.H 5 Road,NA,Sanglivalasa,"At the time of overtaking a lorry ,a jeep driver lost his control and overturn on the road.Due to this one female pessenger died on the spot.",,
1079,61021,Vijay,09/11/2012,1,308,Vizag,00/01/1900,11/08/2009,7,1,9,3,1,1,1,10,1,1,9,1,,4,0,Bheemili,0,,,Bheemili,NA,Vizag,Mangemaari pete Junction,"Due to skid of a bike on the road,the pillion rider died during medical treatment and rider admitted to hospital.",,
1080,61022,Vijay,09/11/2012,1,315,Vizag,00/01/1900,16/11/2009,1,0,9,3,1,0,1,1,1,2,9,1,,4,2,Bheemili,0,,,Visakhapatnam,NA,Bheemili,ME High School,A padestrian hit by a Car resulting his death before reaching hospital.,,
1081,61023,Vijay,09/11/2012,1,289,Vizag,00/01/1900,14/10/2009,6,0,9,3,1,0,2,99,1,2,9,1,,4,13,Bheemili,0,,,Vijaynagaram,NA,Vizag,Raghu Engineering College,"A car collide with a lorry.Due to this hit, the car driver died on the spot.",,
1082,61024,Vijay,09/11/2012,1,208,Vizag,00/01/1900,27/07/2009,4,0,9,3,1,0,1,1,1,2,9,1,,4,8,Bheemili,0,,,Visakhapatnam,N.H 5 Road,NA,Old Govt. Hospital,A Pedestrian hit by motorcycle resulting her death on the spot.,,
1083,61025,Vijay,09/11/2012,1,59,Vizag,00/01/1900,22/02/2009,7,1,9,3,1,0,1,1,1,2,9,1,,4,8,Bheemili,0,,,Vizag,N.H 5 Road,Tagarapuvalasa,Near tallavalasa Junction,A pedesstrian hit by a car resulting his death in the hospital during treatment.,,
1084,61026,Vijay,09/11/2012,1,256,Vizag,00/01/1900,13/09/2009,7,1,9,3,1,1,2,99,1,2,9,1,,4,7,Bheemili,0,,,Visakhapatnam,N.H 5 Road,Kolkata,Near Sangilavalasa,a lorry(A) collide with another lorry(B) which is parked.The asst. Driver of lorry(A) died on the spot and one other person got injured Lorry(A).,,
1085,61027,Vijay,09/11/2012,1,227,Vizag,00/01/1900,16/08/2009,7,1,9,3,1,0,2,99,1,2,9,1,,4,7,Bheemili,0,,,NA,N.H 5 Road,NA,Sanglivalasa,A car collide with a parked lorry.Due to the impact the car driver died before reaching hospital.,,
1086,61028,Vijay,09/11/2012,1,195,Vizag,00/01/1900,25/06/2009,4,0,9,3,1,998,1,7,1,2,9,1,,4,4,Bheemili,1,,,NA,NA,Bheemili,Near Jaggaroa Thota Bheemili Beach road,Due to skid of auto one female pessenger died on the spot and other died on the spot.,,
1087,61029,Vijay,09/11/2012,1,162,Vizag,00/01/1900,17/05/2009,7,1,9,3,1,0,2,3,1,2,9,1,,4,6,Bheemili,0,,,NA,N.H 5 Road,kolkata,Near Tagarapuvalasa Gosthani bridge,"A lorry was hit by an oil taker.Due to this hit,the cleaner of the lorry died on the spot.",,
1088,61030,Vijay,09/11/2012,1,124,Vizag,00/01/1900,04/12/2009,7,1,9,3,1,0,2,4,1,2,9,1,,4,5,Bheemili,0,,,Visakhapatnam,NA,Vizianagaram,rajulu tedlleValasa,A cyclsit hit by a car at the time of crossing the road.The cyclsit died on the spot.,,
1089,61031,Vijay,09/11/2012,1,103,Vizag,00/01/1900,26/03/2009,4,0,9,3,1,998,1,7,1,2,9,1,,4,6,Bheemili,1,,,tagarapuvalasa,NA,karula tede Village,Chilla pete,"Due to skid of auto,one of the pessenger got died in the hospital and other injured.",,
1090,61032,Vijay,09/11/2012,1,102,Vizag,00/01/1900,28/03/2009,6,0,9,3,1,0,1,1,1,2,9,1,,4,7,Bheemili,0,,,Visakhapatnam,N.H 5 Road,tagarapuvalasa,Sanglivalasa,A padestrian hit by a Car resulting his death before reaching hospital.,,
1091,61033,Vijay,09/11/2012,1,63,Vizag,00/01/1900,25/02/2009,3,0,9,3,1,0,2,2,1,2,9,1,,4,3,Bheemili,0,,,Tagarapuvalasa,NA,NA,Rayadpalem Petrol Pump,A cyclsit collide with a auto in head on collision.The cyclsit died before reaching hospital.,,
1092,61034,Vijay,09/11/2012,1,25,Vizag,00/01/1900,26/01/2009,1,1,9,3,1,0,2,4,2,2,9,1,,4,6,Bheemili,0,,,NA,N.H 5 Road,NA,NalandePete Junction,"At the time of making turn, a motorcyclist hit by a bus causing his death on the spot.",,
1093,61035,Vijay,09/11/2012,1,52,Vizag,00/01/1900,19/02/2009,4,0,9,3,1,0,2,99,1,2,9,1,,4,5,Bheemili,0,,,Visakhapatnam,N.H 5 Road,Vijaya Nagram,Surya Nursing home,A cyclist hit by a lorry due to which he died on the spot.,,
1094,61036,Vijay,09/11/2012,1,292,Vizag,00/01/1900,16/10/2009,5,0,9,3,1,0,1,1,1,2,9,1,,4,8,Bheemili,0,,,Visakhapatnam,N.H 5 Road,Sri Kakulam,Tallavalasa,A pedesstrian hit by a motorcycle resulting his death in the hospital during treatment.,,
1095,61037,sunil,12/11/2012,1,215,Vizag,00/01/1900,22/10/2011,6,0,0,3,1,4,1,7,1,2,9,1,,4,15,Bheemili,1,,,Vijaynagaram,NA,Kond raju pete,opp.Bhoomatha layout,A passenger auto overturn and fell down on the road so one passenger dead on the spot and 4 female are injured.,,
1096,61038,sunil,12/11/2012,1,536,Vizag,00/01/1900,18/12/2007,3,0,9,3,1,1,1,1,1,2,9,1,,4,10,Bheemili,0,,,NA,C .C. Road,NA,T. Nagarapalem,Two pedestrian hit by a lorry resulting one pedestrain dead  on the spot and one is injured & admitted in hospital.,,
1097,61039,Sunil,12/11/2012,1,345,Vizag,00/01/1900,09/01/2007,6,0,9,3,1,0,1,1,1,2,9,1,,4,68,Bheemili,0,,,NA,N.H 5 Road,NA,Tagarapuvalasa,A pedestrian hit a gas lorry resulting his death in hospital during the medical treatment .,,
1098,61040,Sunil,12/11/2012,1,170,Vizag,00/01/1900,05/05/2007,6,0,9,3,1,0,1,1,1,2,9,1,,4,6,Bheemili,0,,,Visakhapatnam,N.H 5 Road,Vizianagaram,Vizayanagaram bus stop tagarapuvalasa,A pedestrian hit by bus resulting his death on the spot .,,
1099,61041,sunil,12/11/2012,1,191,Vizag,00/01/1900,20/05/2007,7,1,9,3,1,0,1,1,1,2,9,1,,4,58,Bheemili,0,,,NA,NA,NA,OPP. Ramulamma cinema theater,At the crossing time a pedastrian hit by  motorcycle .pedestrian died in hospital during the medical treatment .,,
1100,61042,Sunil,12/11/2012,1,156,Vizag,00/01/1900,25/04/2007,3,0,9,3,1,0,1,1,1,2,9,1,,4,0,Bheemili,0,,,NA,K.Nagarapalem road,NA,K Nagarapalem,A female  pedestrian hit by motorcycle resulting pedestrian death in hospital during the medical treatment.,,
1101,61043,Sunil,12/11/2012,1,155,Vizag,00/01/1900,26/04/2007,4,0,9,3,1,0,1,7,1,2,9,1,,4,20,Bheemili,0,,,na,100 feet road,NA,OPP. TAVVAKONDA 100 FT ROAD,A Jeep overturn and fell down on the road so jeep driver dead be fore reaching hospital .,,
1102,61044,Sunil,12/11/2012,1,13,Vizag,00/01/1900,01/12/2007,5,0,0,3,1,0,1,10,1,2,9,1,,4,8,Bheemili,0,,,Tagarapuvalasa,NA,gudijale,Valandapete,A Motorcycle skid on the road so driver death in hospital during the medical treatment,,
1103,61045,Sunil,12/11/2012,1,553,Vizag,00/01/1900,27/12/2007,4,0,1,3,1,0,1,1,1,2,9,1,,4,58,Bheemili,0,,,NA,NA,NA,Gollala Tallavalasa,A pesdestrain hit by unknown vehicle resulting his death on the spot .,,
1104,61046,Sunil,12/11/2012,1,36,Vizag,00/01/1900,13/02/2010,6,0,0,3,1,2,1,7,1,2,9,1,,4,8,Bheemili,0,,,NA,Thimmapuram,Timmapuram,Vignan College,A Passenger auto overturn and fell down on the road so one passenger died on the spot and two are injured.,,
1105,61047,Vijay,14/11/2012,1,125,Vizag,00/01/1900,29/05/2010,6,0,9,3,1,4,2,99,1,2,9,1,,4,6,Bheemili,1,,,Gosthani Bridge,N.H 5 Road,MahaKali Dhaba,Near Mahankali Dhaba,"A auto pessenger hit by a lorry.Due to this hit,one of the auto pessenger died on the spot and 4 other pessenger injured and admitted to hospital.",,
1106,61048,Vijay,14/11/2012,1,61,Vizag,00/01/1900,05/11/2007,5,0,0,3,2,998,1,7,1,2,9,1,,4,25,Anandapuram,1,,,nidigattu granam,NA,Brahamdora Palem,"arripydiraju gori mavidi,Jeedi thotala malupulo Bhimdora palem","Due to negligence and rash driving of the tractor driver,the vehicle overtrun causing two person died on the spot and other injured.",,
1107,61049,Vijay,14/11/2012,1,152,Vizag,00/01/1900,30/11/2007,5,0,9,3,1,0,1,1,1,2,9,1,,4,4,Anandapuram,0,,,Anandapuram,S.H 38 Road,NA,Near tarudaba Petrol bunk,"A Pedestrian hit by lorry the time of crossing the road,causing his death on the spot.",,
1108,61050,Vijay,14/11/2012,1,16,Vizag,00/01/1900,02/06/2007,2,0,9,3,1,1,2,99,2,2,9,1,,4,2,Anandapuram,0,,,NA,NA,NA,Vemulavalasa,A motorcycle hit by a lorry.One of  the person died on the spot and other injured.,,
1109,61051,Vijay,14/11/2012,1,155,Vizag,00/01/1900,12/09/2007,7,1,9,3,2,998,2,3,1,2,9,1,,4,3,Anandapuram,1,,,NA,N.H 5 Road,NA,Vellanki Village,An auto hit by a bus from backside.Two of the auto pessenger died on the spot and othe injured.,,
1110,61052,Vijay,14/11/2012,1,102,Vizag,00/01/1900,29/08/2007,3,0,9,3,1,0,2,3,1,2,9,1,,4,1,Anandapuram,0,,,NA,N.H 5 Road,Tagarapuvalasa,Vemulavalasa,An auto hit by a lorry from backside.One of the auot pessenger died in the hospital during treatment.,,
1111,61053,Vijay,14/11/2012,1,116,Vizag,00/01/1900,25/09/2007,2,0,9,3,1,0,1,1,1,2,9,1,,4,3,Anandapuram,0,,,Anandapuram,N.H 5 Road,Vizag,Boyapalem Junction,A pedestrian hit by a lorry resulting his death in the hospital during treatment.,,
1112,61054,Vijay,14/11/2012,1,153,Vizag,00/01/1900,12/05/2007,3,0,0,3,1,2,1,7,3,2,9,1,,4,15,Anandapuram,1,,,NA,NA,NA,Tangudu belli Agraharam near bridge,"Due to sudden brakes applied by the lorry driver,the lorry overturn due to which one lorry coolie died on the spot and other two were injured.",,
1113,61055,Vijay,14/11/2012,1,2,Vizag,00/01/1900,01/06/2007,6,0,9,3,1,0,1,1,1,2,9,1,,4,13,Anandapuram,0,,,NA,NA,NA,RC Colony,A pedestrian hit by a auto resulting his death in the hospital during treatment.,,
1114,61056,Vijay,14/11/2012,1,148,Vizag,00/01/1900,22/11/2007,4,0,9,3,1,0,2,4,1,2,9,1,,4,3,Anandapuram,0,,,Visakhapatnam,NA,Tagarapuvalasa,Peddapalem,"At the time of crossing the road, a motorcyclist hit by car.Due tot his impact the motorcyclist died on the spot.",,
1115,61057,Vijay,14/11/2012,1,28,Vizag,00/01/1900,02/05/2009,4,0,0,3,1,0,1,10,1,2,9,1,,4,1,Malkapuram,0,,,NA,Main Road,NA,Near Port Quarters Bus Stop,A motorcyclist accidentally fell down on the road and suffered several injuries.The motoryclist died in the hospital during medical treatment.,,
1116,61058,Vijay,14/11/2012,1,148,Vizag,00/01/1900,19/07/2010,1,0,0,3,1,0,1,10,1,2,9,1,,4,3,Kancharapalem,0,,,NA,N.H 5 Road,NA,Near Punjab Hotel Junction,"Due to sudden brakes applied by the motorcyclist, he fell down on the road and suffered several injuries causing his death in the hospital during medical treatment.",,
1117,61059,Vijay,14/11/2012,1,323,Vizag,00/01/1900,12/12/2010,7,1,9,3,1,0,1,1,1,2,9,1,,4,2,Kancharapalem,0,,,Thatichetlapalem,N.H 5 Road,NAD Kotha road,Opp. To Botta Narshing rao building,A pedestrian hit by a car resulting his death in the hospital during treatment,,
1118,61060,Vijay,14/11/2012,1,102,Vizag,00/01/1900,06/11/2010,5,0,9,3,1,1,2,99,1,2,9,1,,4,1,Kancharapalem,0,,,NAD,SBI Bank Industrial Branch,Kancharapalem,Industrial estate bus stop,"A motorcycle hit by an auto.Due to this impact,the motorcyclist died on the spot and pillion rider got injured.",,
1119,61061,Vijay,14/11/2012,1,200,Vizag,00/01/1900,09/11/2010,6,0,0,3,1,0,1,10,1,2,9,1,,4,4,Kancharapalem,0,,,NA,Karasa Junction,NA,Durgalamma Temple,A pillion rider slipped accidentally from the vehicle.Due to this she suffered injuries and admitted to hospital which later died during treatment.,,
1120,61062,Vijay,14/11/2012,1,246,Vizag,00/01/1900,21/10/2010,4,0,1,3,1,0,1,1,1,2,9,1,,4,5,Kancharapalem,0,,,NA,N.H 5 Road,NA,Viman Nagar Bus stop,"An unidentified vehicle hit a unknown person.Due to this hit, the person died on the spot.",,
1121,61063,Vijay,14/11/2012,1,263,Vizag,00/01/1900,27/10/2010,3,0,9,3,1,0,1,1,1,2,9,1,,4,0,Kancharapalem,0,,,NAD Kotha Road,N.H 5 Road,Thatichetlapalem,Coco Cola Company,A pedestrian hit by a motorcycle resulting his death in the hospital during treatment.,,
1122,61064,Vijay,14/11/2012,1,210,Vizag,00/01/1900,18/09/2010,6,0,9,3,1,99,2,99,1,2,9,1,,4,4,Kancharapalem,1,,,Gajuwaka,N.H 5 Road,Thatichetlapalem,NAD Kotha road Junction,"AN auto hit by a lorry.Due to this impact, one of the suot pessenger died on the spot and other were injured.",,
1123,61065,Vijay,14/11/2012,1,118,Vizag,00/01/1900,25/06/2010,5,0,9,3,1,0,2,99,1,2,9,1,,4,0,Kancharapalem,0,,,Thatichetlapalem,"At Kapparda Jucntion,NH5",NAD Kotha road,Opp. Sri Kanaka Durga Temple,"A cyclist hit by a motorcylce.Due to this, the cyclist died on the spot.",,
1124,61066,Vijay,14/11/2012,1,134,Vizag,00/01/1900,07/09/2010,5,0,9,3,1,0,2,99,1,2,9,1,,4,0,Kancharapalem,0,,,Pendurthi,Uravasi Junction,Collector office Sinhachalam,Opp. Budha Ramesh College,A cyclist hit by a bus causing his death on the spot.,,
1125,61067,Vijay,14/11/2012,1,143,Vizag,00/01/1900,13/07/2010,2,1,9,3,1,0,1,1,1,2,9,1,,4,0,Kancharapalem,0,,,NAD Kotha Road,N.H 5 Road,Thatichetlapalem,Opp. Coco Cola Company,A pedestrian hit a jeep.Due to this impact the pedestrian died during treatment in the hospital.,,
1126,61068,Vijay,14/11/2012,1,172,Vizag,00/01/1900,08/11/2010,3,0,9,3,1,0,1,1,1,2,9,1,,4,0,Kancharapalem,0,,,Birla Junction,N.H 5 Road,NA,"Surya Nagar, Near polytechnic college","At the time of crossing the road, a pedestrian hit by a car due to which he died on the spot.",,
1127,61069,Vijay,14/11/2012,1,187,Vizag,00/01/1900,23/08/2010,1,1,9,3,1,0,1,1,1,2,9,1,,4,2,Kancharapalem,0,,,Thatichetlapalem,N.H 5 Road,NAD Kotha Road,Kapparada Junction,A pedestrian hit by a car.Due to this impact the pedestrian died on the spot.,,
1128,61070,Vijay,14/11/2012,1,191,Vizag,00/01/1900,29/08/2010,7,1,9,3,1,0,1,1,1,2,9,1,,4,0,Kancharapalem,0,,,Kancharapalem,Kancharapalem Mettu,Kancharapalem,Gnanapuram,A Pedestrian hit by truck resulting his death on the spot.,,
1129,61071,Vijay,14/11/2012,1,154,Vizag,00/01/1900,24/07/2010,6,0,9,3,1,0,2,99,1,2,9,1,,4,3,Kancharapalem,0,,,Kancharapalem,Near Old Lorry Union Office,Gnanapuram,Kancharapalem Flyover Bridge Down,A auto hit by a lorry. Due to this impact the rider of the auto died on the spot.,,
1130,61072,Vijay,14/11/2012,1,203,Vizag,00/01/1900,13/09/2010,1,0,9,3,1,0,1,1,1,2,9,1,,4,1,Kancharapalem,0,,,NAD Kotha Road,N.H 5 Road,Thatichetlapalem,Burma Camp Junction,A pedestrian hit by a motorcycle resulting his death in the hospital during treatment,,
1131,61073,Vijay,14/11/2012,1,127,Vizag,00/01/1900,04/06/2011,3,0,1,3,1,0,1,1,1,2,9,1,,4,4,Kancharapalem,0,,,RTC Complex,NA,NAD Kotha Road,Tkkavanipalem Junction,A Pedestrian hit by bus resulting his death on the spot.,,
1132,61074,Vijay,14/11/2012,1,167,Vizag,00/01/1900,30/05/2011,1,0,9,3,1,0,2,99,1,2,9,1,,4,3,Kancharapalem,0,,,Thatichetlapalem,N.H 5 Road,Kancharapalem,Near Dharmnagar Junction,"A motorcycle(A) hit another motorcycle(B).Due to this impact,the rider of motorcycle(B) got serious injuries causing his death in the hospital during treatment.",,
1133,61075,Vijay,14/11/2012,1,177,Vizag,00/01/1900,06/11/2011,6,0,9,3,1,0,1,1,1,2,9,1,,4,6,Kancharapalem,0,,,NA,India Oil Petrol Bunk,NA,Near Convent Junction,A Pedestrian hit by water tanker resulting his death on the spot.,,
1134,61076,Vijay,14/11/2012,1,181,Vizag,00/01/1900,06/11/2011,6,0,9,3,1,0,2,3,2,2,9,1,,4,4,Kancharapalem,0,,,NAD Kotha Road,N.H 5 Road,Maddilapalem,ThatichetlaPalem Junction,"A stopped moped hit from back side by a lorry on signal lights.Due to this impact, the rider of the moped died in the hospital during treatment.",,
1135,61077,Vijay,14/11/2012,1,183,Vizag,00/01/1900,14/06/2011,2,0,9,3,1,0,1,1,1,2,1,1,,4,1,Kancharapalem,0,,,Thatichetlapalem,N.H 5 Road,NAD Kotha road,Near NSTL Gate,"A pedestrian hit by a motorcycle.After hitting, the pedestrian fall on the divider.From back side one car come and hit the pedestrian again, due to this he died on the spot.",,
1136,61078,Vijay,14/11/2012,1,214,Vizag,00/01/1900,19/07/2011,2,0,9,3,1,0,1,1,1,2,1,1,,4,3,Kancharapalem,0,,,Gajuwaka,N.H 5 Road,NAD Kotha road,Kakani Nagar Bus Stop,"An pedestrian hit by a bus near road divider.Due to this impact, the pedestrian died on the spot.",,
1137,61079,Vijay,14/11/2012,1,230,Vizag,00/01/1900,08/03/2011,3,0,9,3,1,0,1,1,1,2,9,1,,4,0,Kancharapalem,0,,,Kancharapalem,Near Community Hall,Thatichetlapalem,Sanjeevayya Colony,"A pedestrian hit by a motorcycle.Due to this impact, the pedestrian died in the hospital during treatment.",,
1138,61080,Vijay,14/11/2012,1,233,Vizag,00/01/1900,08/06/2011,6,0,9,3,1,0,1,1,1,2,9,1,,4,1,Kancharapalem,0,,,NAD,"Near Punjab Hotel Junction,NH5",Thatichetlapalem,Opp. Surya Suppliers,A pedestrian hit by a car resulting his death in the hospital during treatment.,,
1139,61081,Sunil,15/11/2012,1,277,Vizag,00/01/1900,09/02/2011,5,0,9,3,1,0,1,1,1,2,9,1,,4,3,Kancharapalem,0,,,NAD,Near demudu babu hospital,Kancharapalem,At Marripalem Junction,"At the crossing time, a pedestrian hit by motorcycle .pedestrian died in hospital during the medical treatment",,
1140,61082,sunil,15/11/2012,1,54,Vizag,00/01/1900,13/02/2011,7,1,9,3,1,0,1,1,1,2,9,1,,4,1,Kancharapalem,0,,,Burma junction,Birla junction,Punjab hotel,Wood land bar opposite,"At the crossing time, a pedestrian hit by motorcycle .pedestrian died in hospital during the meadical treatment.",,
1141,61083,Sunil,15/11/2012,1,281,Vizag,00/01/1900,09/05/2011,1,1,9,3,1,0,1,1,1,2,9,1,,4,5,Kancharapalem,0,,,NA,Near kasthuri nagar,NA,At DLB Quarter,A female  Pedestrian hit by a motorcycle resulting her died in hospital during the medical treatment.,,
1142,61084,Sunil,15/11/2012,1,125,Vizag,00/01/1900,04/04/2011,1,1,0,3,1,0,1,10,1,2,9,1,,4,2,Kancharapalem,0,,,NA,Karasa,NA,At oppoiste to christian,A motorcycle skid on the road so one person died in hospital during the medical treatment.,,
1143,61085,Sunil,15/11/2012,1,441,Vizag,00/01/1900,12/12/2011,1,0,9,3,1,0,1,1,1,2,9,1,,4,2,Kancharapalem,0,,,NA,Marripalem,NA,At wagons loading,A pedestrian hit by lorry so pedestrian died on the spot.,,
1144,61086,Sunil,15/11/2012,1,46,Vizag,00/01/1900,02/02/2011,3,0,0,3,1,0,1,8,1,2,1,1,,4,4,Kancharapalem,0,,,Thatichetlapalem,New colony road,NA,Near  Sai BaBa Temple,A motorcycle hit the divider and front tyer puncherd so motorcyclist died on the spot .,,
1145,61087,Sunil,15/11/2012,1,135,Vizag,00/01/1900,20/04/2011,3,0,9,3,1,0,1,1,1,2,9,1,,4,0,Kancharapalem,0,,,NAD,N.H 5 Road,Thatichetlapalem,Ramanna colony jn,A Pedestrian hit by motorcycle resulting his death in hospital during the medical treatment.,,
1146,61088,Sunil,15/11/2012,1,191,Vizag,00/01/1900,22/06/2011,3,0,9,3,1,0,1,1,1,2,9,1,,4,4,Kancharapalem,0,,,NAD,N.H 5 Road,Thatichetlapalem,Opp. To jaya multycare hospital,A pedestrian hit by  motorcycle resulting his death on the spot .,,
1147,61089,Sunil,15/11/2012,1,276,Vizag,00/01/1900,27/08/2011,6,0,9,3,1,0,1,10,1,2,9,1,,4,2,Kancharapalem,0,,,NA,N.H 5 Road,Maddilapalem,Near burma camp jn,A Motorcycle skid on the road and fell down on the road so rider died on the spot .,,
1148,61090,Sunil,15/11/2012,1,145,Vizag,00/01/1900,07/05/2010,1,0,9,3,1,0,1,1,1,2,9,1,,4,2,III Town,0,,,R k beach,Beach road,Pedda waltair,Opp. Submarine,At crossing time a pedestrian hit by motorcycle resulting his death In hospital during the medical treatment.,,
1149,61091,Sunil,15/11/2012,1,17,Vizag,00/01/1900,02/01/2010,1,0,9,3,1,0,1,1,1,2,9,1,,4,2,III Town,0,,,Governer bunglow,Ramanagar,Raghuvendre swamy tample,Near harsa motors,A pedestrian hit by scooter resulting his death in hospital during the treatment.,,
1150,61092,Sunil,15/11/2012,1,72,Vizag,00/01/1900,31/03/2010,3,0,0,3,1,2,1,8,1,2,9,1,,5,2,III Town,0,,,NA,Isukathota,NA,At Avinash show room,A Van hit the drainage canal and fell down on the road so one person died and two person injured.,,
1151,61093,sunil,15/11/2012,1,123,Vizag,00/01/1900,06/03/2010,4,0,1,3,1,0,2,99,1,2,9,1,,4,2,III Town,0,,,NA,Chinawaltair,NA,Opp.kotak school,A Motorcycle hit by unknown vehicle .motorcyclist died in hospital during the medical treatment.,,
1152,61094,Sunil,15/11/2012,1,286,Vizag,00/01/1900,18/11/2010,4,0,9,3,1,0,1,1,1,2,9,1,,4,2,III Town,0,,,Isakathota,Sivajipalem down road,Shivaji park,At Sivajipark down road,A Pedestrian hit by bus resulting his death on the spot.,,
1153,61095,Sunil,15/11/2012,1,300,Vizag,00/01/1900,12/06/2010,1,0,9,3,1,0,1,1,1,2,9,1,,4,2,III Town,0,,,Ramatalkies,NA,Maddilapalem,Opp. Swarna bharathi indoor stadium,At the crossing time a female pedestrian hit by motorcycle so pedestrrian died in hospital during the medical treatment .,,
1154,61096,Sunil,15/11/2012,1,298,Vizag,00/01/1900,12/03/2010,5,0,9,3,1,0,1,1,2,2,9,1,,4,2,III Town,0,,,NA,N.H 5 Road,NA,Satyam junction,A Pedesttrian hit by motor bike so pedestrian died in hospital during the medical treatment .,,
1155,61097,Sunil,16/11/2012,1,213,Vizag,00/01/1900,09/10/2010,5,0,9,3,1,0,1,1,2,2,9,1,,4,3,III Town,0,,,NA,N.H 5 Road,Hanumanthavaka,Opp.Venkojipalem petrol bunk  jn,A Pedestrian hit by scooter resulting his death in hospital during the medical treatment .,,
1156,61098,Sunil,16/11/2012,1,197,Vizag,00/01/1900,25/08/2010,3,0,9,3,1,0,2,3,1,2,9,1,,4,1,III Town,0,,,NA,Ramanagar,NA,Opp. Lions club,At the reversing time a crane hit an auto and auto driver died on the way to hospital .,,
1157,61099,Sunil,16/11/2012,1,251,Vizag,00/01/1900,16/10/2010,6,1,9,3,1,0,2,2,1,2,9,1,,4,2,III Town,0,,,Pandhimetta,All India Radio junction,All India Radio,Near jagannadha Swamy Temple,"A Motorcycle(a) hit another motorcycle(b), due to this impact motorcycle(b) passenger died on the spot.",,
1158,61100,Sunil,16/11/2012,1,1,Vizag,00/01/1900,01/01/2010,5,1,0,3,1,1,1,8,1,2,9,1,,4,2,III Town,0,,,Maddilapalem,SJ Nagar Isukathota,Hanumanthavaka,Opp. Krishna Mandir,A Motorcycle skid and hit the pole resulting one person died in hospital under treatment and one is injured.,,
1159,61101,Sunil,16/11/2012,1,111,Vizag,00/01/1900,15/05/2010,6,0,0,3,1,0,1,10,1,2,9,1,,4,2,III Town,0,,,Pedawaltair,Beach road,Vuda park,Opp. Vuda park,A passenger standing in bus and slipped from bus and fell down on the road resulting  his death on the spot .,,
1160,61102,Sunil,16/11/2012,1,295,Vizag,00/01/1900,12/01/2010,3,0,9,3,1,0,1,1,1,2,9,1,,4,3,III Town,0,,,NA,Seethammadara,NA,At alluri seetharama raju statue,A Pedestrian hit by scooter resulting his death in hospital.,,
1161,61103,Sunil,16/11/2012,1,235,Vizag,00/01/1900,22/10/2010,3,1,0,3,1,0,1,10,1,2,9,1,,4,3,III Town,0,,,NA,NA,NA,Opp. Endu office,A Scooter skid and fell down in pits resulting scooter driver died in hospital under treatment .,,
1162,61104,Sunil,16/11/2012,1,301,Vizag,00/01/1900,12/07/2010,2,0,1,3,1,0,1,1,1,2,9,1,,4,2,III Town,0,,,NA,N.H 5 Road,NA,Opp .Avinash Show room,A pedestrian hit by  unknown vehicle resulting his death on the spot .,,
1163,61105,Sunil,16/11/2012,1,38,Vizag,00/01/1900,24/02/2010,3,0,0,3,1,0,1,8,2,2,1,1,,4,3,III Town,0,,,Maddilapalem,N.H 5 Road,Ravinder nagar,Hanuman Temple junction,A Auto hit the divider and fell down so auto driver died in hospital under treatment .,,
1164,61106,Sunil,16/11/2012,1,243,Vizag,00/01/1900,10/08/2010,5,0,0,3,1,0,2,10,1,2,9,1,,4,2,III Town,0,,,Maddilapalem,N.H 5 Road,Hanumanthavaka,Near Avinash Show Room,A Motorcycle hit the auto from back side and motorcyclist died in hospital during the medical treatment .,,
1165,61107,Sunil,16/11/2012,1,280,Vizag,00/01/1900,11/10/2010,3,0,9,3,1,0,1,1,1,2,9,1,,4,1,III Town,0,,,NA,Near circuit house,NA,Opp.navy house,A Pedestrian hit by an auto so pedestrian died in hospital during the medical treatment.,,
1166,61108,Sunil,16/11/2012,1,39,Vizag,00/01/1900,03/02/2010,2,0,9,3,1,0,2,99,2,2,9,1,,4,1,III Town,0,,,NA,RCD Hospital Compound,Municipal dust bin,Mental Hospital junction,A Scooter hit by bus resulting one person of scooter died on the on the sot,,
1167,61109,Sunil,16/11/2012,1,116,Vizag,00/01/1900,24/05/2010,1,0,9,3,1,998,2,99,1,2,9,1,,4,2,III Town,0,,,Shripuram,Chinna Waltair,Chinnawaltair,AU in gate,A Motorcycle hit by bus resulting one person of motorcycle died on the spot .,,
1168,61110,Sunil,16/11/2012,1,7,Vizag,00/01/1900,01/12/2010,2,0,9,3,1,0,2,99,1,2,9,1,,4,13,Anandapuram,0,,,NA,Padmanabham road,NA,Bakurupalem crusher mill,"A motorcycle(A) hit by another motorcycle(B),due to which the rider of the motorcycle(B) died on the spot.",,