Accident ID,Form No,Filled By,Filled Date,Police Report Available,FIR No,City/Town/Village Name,Time of Accident,Date of Accident,Day of Accident,Holiday,Hit and Run,Accident Severity,No of Fatalities,No of Injured,No of vehicles,Collision Type,Collision Spot,Type of Road,Divider,Location,Light Condition,Road Catagory,Distance,Police Station,Special Case,Global Position(Latitude),Global Position (Longitude),Road 1,Road 2,Road 3,Landmark,Note,Accused Vehicle Coming From,No of Occupant
1169,61111,Vijay,16/11/2012,1,29,Vizag,00/01/1900,13/02/2010,6,0,1,3,1,0,1,1,1,2,9,1,,4,15,Anandapuram,0,,,NA,NA,NA,Near Gandigundam Bangaramma Temple,"An unknown person hit by a unknown vehicle, causing her death on the spot.",,
1170,61112,Vijay,16/11/2012,1,37,Vizag,00/01/1900,03/08/2010,1,0,9,3,1,0,1,1,1,2,9,1,,4,3,Anandapuram,0,,,Palakonda,N.H 5 Road,Vizag,Bheemili cross road,A pedestrian hit by a bus resulting his death in the hospital during treatment.,,
1171,61113,Vijay,16/11/2012,1,40,Vizag,00/01/1900,17/03/2010,3,0,9,3,1,0,2,99,1,2,9,1,,4,17,Anandapuram,0,,,Anandapuram,S.H 38 Road,Pendurthy,Gandigundam high school,A motoryclclist hit by a lorry causing his death on the spot.,,
1172,61114,Vijay,16/11/2012,1,77,Vizag,00/01/1900,30/05/2010,7,1,0,3,1,1,1,8,1,2,1,1,,4,3,Anandapuram,0,,,NA,N.H 5 Road,NA,Bheemili cross road,"A motorycle collide with a divider.Due to this, one person died under treatment and other one admitted to hospital.",,
1173,61115,Vijay,16/11/2012,1,117,Vizag,00/01/1900,28/08/2010,6,0,0,3,1,0,2,98,1,2,9,1,,4,31,Anandapuram,0,,,Madhurawada,N.H 5 Road,Ranasthalam,Vemulavalasa bridge bus stop,A pillion rider of motorcycle slipped from vehicle accidentally and fall down on the road.Suddenly a vehicle came from back and hit the person causing her death on the spot.,,
1174,61116,Vijay,16/11/2012,1,145,Vizag,00/01/1900,21/10/2010,4,0,9,3,1,0,1,1,1,2,9,1,,4,0,Anandapuram,0,,,Vijaynagaram,N.H 5 Road,Vizag,Anandapuram junction,"A pedestrian hit by a car at the time of crossing the road,resulting his death in the hospital during treatment.",,
1175,61117,Vijay,16/11/2012,1,169,Vizag,00/01/1900,12/09/2010,4,0,9,3,1,0,2,99,2,2,9,1,,4,,Anandapuram,0,,,Pendurthi,S.H 38 Road,Anandapuram,Near Balaji Poultry mandlikova,"An auto hit by a lorry.Due to this hit, a pessenger of auto fell down on road and died on the spot.",,
1176,61118,Vijay,16/11/2012,1,179,Vizag,00/01/1900,24/12/2010,5,1,0,3,1,0,1,8,1,2,9,1,,4,10,Anandapuram,0,,,NA,S.H 38 Road,NA,Near VITS Enginnering College,"A van collide with a culvert.Due to this impact, a pessenger sitting in the van died due to sudden load fell on him causing his death on the spot.",,
1177,61119,Vijay,16/11/2012,1,124,Vizag,00/01/1900,09/07/2010,2,0,9,3,1,0,1,1,1,2,9,1,,4,2,Anandapuram,0,,,Tagarapuvalasa,N.H 5 Road,Madhurawada,Gambheeram Village,A pedestrian hit by a car at the time of crossing the road.Due to the impact he died on the spot.,,
1178,61120,Sunil,19/11/2012,1,43,Vizag,00/01/1900,23/03/2010,2,0,9,3,1,0,2,3,2,2,9,1,,4,,Anandapuram,0,,,NA,S.H 38 Road,Pendurthy,Near Manidilova Junction,A Motorcycle hit by lorry from back side resulting  motorcyclist  death on the spot .,,
1179,61121,Sunil,19/11/2012,1,112,Vizag,00/01/1900,21/08/2010,6,0,9,3,1,0,1,1,1,2,9,1,,4,3,Anandapuram,0,,,Tagarapuvalasa,N.H 5 Road,Vizag,Opp. IBP Petrol bunk,At the crossing time a  Pedestrian hit by motorcycle resulting female pedestrian died in hospital during the medical treatment.,,
1180,61122,Sunil,19/11/2012,1,14,Vizag,00/01/1900,24/01/2010,7,1,0,3,1,0,1,10,1,2,9,1,,4,3,Anandapuram,0,,,NA,N.H 5 Road,NA,HP Petrol bunk,A lorry pessenger accidentally slipped from it and fell down on the road causing his death on the spot.,,
1181,61123,Sunil,19/11/2012,1,46,Vizag,00/01/1900,29/03/2010,1,0,0,3,1,0,1,10,1,2,9,1,,4,8,Anandapuram,0,,,Srirampuram,Other road,Anandapuram,Taruluvada chukka hill 7/8 km stone,A Scooterist skid on the road and died on the spot .,,
1182,61124,Sunil,19/11/2012,1,4,Vizag,00/01/1900,01/09/2010,6,0,9,3,1,0,1,1,2,2,9,1,,4,13,Anandapuram,0,,,Anandapuram,S.H 38 Road,Pendurthy,Sattavu Junction,At the crossing time a pedestrian hit by van resulting his death under treatment.,,
1183,61125,Sunil,19/11/2012,1,5,Vizag,00/01/1900,01/10/2010,7,1,9,3,1,1,2,99,1,2,9,1,,4,3,Anandapuram,0,,,Vijaynagaram,N.H 5 Road,Vizag,Bheemili cross road,At the crossing time a motorcycle hit jeep resulting motorcycle passenger died in hospital and driver are injured in hospital .,,
1184,61126,Sunil,19/11/2012,1,32,Vizag,00/01/1900,27/02/2010,6,1,9,3,1,998,2,2,1,2,9,1,,4,3,Anandapuram,1,,,Tagarapuvalasa,N.H 5 Road,Vizag,Opp. To Orion hotel,A Auto hit by lorry head on  resulting one passenger of auto died on the spot and other injured .,,
1185,61127,Sunil,19/11/2012,1,131,Vizag,00/01/1900,13/09/2010,1,0,9,3,1,0,2,10,1,2,9,1,,4,11,Anandapuram,0,,,NA,S.H 38 Road,NA,Opp. To Vitam collage,At parked time a auto hit by lorry so one passenger of auto died after first aid.,,
1186,61128,Vijay,19/11/2012,1,16,Vizag,00/01/1900,02/01/2009,7,1,9,3,1,0,2,3,1,2,9,1,,4,0,Gajuwaka,0,,,Srinagar,N.H 5 Road,100 FT.,Near Bajaj Auto Garage,"An motorcycle hit by a van from backside.Due to this impact,the pillion rider of the motorcycle died on the spot.",,
1187,61129,Vijay,19/11/2012,1,24,Vizag,00/01/1900,14/02/2009,6,0,0,3,1,0,2,10,1,2,9,1,,4,0,Gajuwaka,0,,,NA,N.H 5 Road,NA,Viswaswarayya Colony Bus Stop,A motorcycle collide with a lorry which is parked on roadside.The motorcyclist died on the spot due to this impact.,,
1188,61130,Vijay,19/11/2012,1,31,Vizag,00/01/1900,23/02/2009,1,1,9,3,1,0,1,1,1,2,9,1,,4,4,Gajuwaka,0,,,NA,N.H 5 Road,NA,Akkireddypalem,"A pedestrian hit by a Car at the time of crossing the road,resulting his death before reaching hospital.",,
1189,61131,Vijay,19/11/2012,1,36,Vizag,00/01/1900,28/02/2009,6,0,9,3,1,0,2,3,1,2,9,1,,4,4,Gajuwaka,0,,,NA,N.H 5 Road,NA,Nathayyapalem,"A lorry(A) hit another lorry(B) from backside while both are moving in same direction.Due to this impact,a pessenger of lorry(B) sustained serious injuries and got death before reaching hospital.",,
1190,61132,Vijay,19/11/2012,1,50,Vizag,00/01/1900,15/03/2009,7,1,9,3,1,1,1,7,1,2,9,1,,4,3,Gajuwaka,0,,,NA,NA,NA,Zink Industry Road,"Due to sudden brakes applied by the auto(goods) driver,the auto overturn.Due to this, one passenger sustained serious injuries and got dead before reaching hospital and another passenger admitted to hospital.",,
1191,61133,Vijay,19/11/2012,1,62,Vizag,00/01/1900,31/03/2009,2,0,9,3,1,0,2,3,2,2,9,1,,4,0,Gajuwaka,1,,,NA,Chinna Gantyada,NA,100 FT. Road junction,"A lorry(A) hit another lorry(B) from back side.After hitting lorry(B),the lorry further collide with traffic pole and overtrun.Due to this, the driver of the lorry(A) died on the spot.",,
1192,61134,Vijay,19/11/2012,1,84,Vizag,00/01/1900,05/01/2009,5,1,9,3,1,0,2,3,1,2,9,1,,4,0,Gajuwaka,0,,,NA,NA,NA,NA,"A cyclist hit from back by a lorry.Due to this, the cyclsit died on the spot.",,
1193,61135,Vijay,19/11/2012,1,85,Vizag,00/01/1900,05/03/2009,7,1,9,3,1,0,1,1,1,2,9,1,,4,3,Gajuwaka,0,,,Zinc,NA,Mindi Approach Road,Inside Zinc,A Pedestrian hit by lorry resulting his death on the spot.,,
1194,61136,Vijay,19/11/2012,1,91,Vizag,00/01/1900,17/05/2009,7,1,0,3,1,0,1,8,1,2,1,1,,4,2,Gajuwaka,0,,,NA,NA,NA,Vadlapudi Bridge,"Due to megligence and rash driving of the auto driver,the vehicle collide with divider.Due to this impact, a female pessenger sustained injuries and died in the hospital during treatment.",,
1195,61137,Vijay,19/11/2012,1,95,Vizag,00/01/1900,19/05/2009,2,0,9,3,1,8,2,4,1,2,9,1,,4,2,Gajuwaka,1,,,NA,NA,NA,NA,"A lorry hit a auto from right side.Due to this impact, one pessenger died before reaching hospital and other 8 pessenger admitted to hospital.",,
1196,61138,Vijay,19/11/2012,1,100,Vizag,00/01/1900,06/02/2009,2,0,9,3,1,1,2,10,1,2,9,1,,4,6,Gajuwaka,0,,,NA,NA,NA,Near SheelaNagar Junction,An overloaded motorcycle hit by a lorry.One of the pessenger died in the hospital during treatment and other one admitted.,,
1197,61139,Vijay,19/11/2012,1,117,Vizag,00/01/1900,18/06/2009,4,0,9,3,1,1,2,3,1,2,9,1,,4,4,Gajuwaka,0,,,NA,N.H 5 Road,NA,Natayyapalem,"A stopped motorcycle hit from back side by a lorry at signal lights.Due to this impact, the rider of the motorycle died before reaching hospital and  pillion rider admitted to hospital.",,
1198,61140,Vijay,19/11/2012,1,120,Vizag,00/01/1900,22/06/2009,1,0,0,3,1,0,1,10,1,2,9,1,,4,1,Gajuwaka,0,,,NA,NA,NA,Sri Nagar  Bus Stop,"Due to sudden start of bus, a pessenger fell down on the road and died before reaching hospital.",,
1199,61141,Vijay,19/11/2012,1,121,Vizag,00/01/1900,26/06/2009,5,0,9,3,1,1,2,3,1,2,9,1,,4,5,Gajuwaka,0,,,NA,NA,NA,Auto Nagar Junction,A motorycle(Stopped) at signal lights hit by a lorry from backside.The rider of the 2-Wheeler died ont the spot and pillion rider injured and admitted to hospital.,,
1200,61142,Vijay,19/11/2012,1,126,Vizag,00/01/1900,06/03/2009,5,0,9,3,1,0,2,10,1,2,9,1,,4,2,Gajuwaka,0,,,NA,NA,NA,Vadlapudi Bridge,A scooter collide with a parked lorry.Due to this the scootrist sustained  serious injuries and died on the spot.,,
1201,61143,Vijay,19/11/2012,1,134,Vizag,00/01/1900,23/07/2009,4,0,9,3,1,0,2,1,1,2,9,1,,4,1,Gajuwaka,0,,,NA,NA,NA,Vadlapudi Railway Bridge,A scooter  were hit by a van from backside.Due to this impact the rider of the scooter died before reaching hospital.,,
1202,61144,Sunil,20/11/2012,1,139,Vizag,00/01/1900,08/03/2009,1,0,9,3,1,0,2,3,2,2,9,1,,4,0,Gajuwaka,0,,,NA,NA,NA,100 FT Road Junction,A Lorry hit the motorcycle from back side .while the motorcycle was stopped due to signal light .the motorcyclist was dead before reaching hospital.,,
1203,61145,Sunil,20/11/2012,1,155,Vizag,00/01/1900,26/08/2009,3,0,9,3,1,0,2,3,1,2,9,1,,4,4,Gajuwaka,0,,,NA,Main Road,NA,Opp. To Mohini theatre,A RTC Bus hit the motorcycle from back  side .both vehicle was moving same direction .the motorcyclist was dead before reaching hospital .,,
1204,61146,Sunil,20/11/2012,1,160,Vizag,00/01/1900,31/08/2009,1,0,9,3,1,0,1,1,1,2,9,1,,4,11,Gajuwaka,0,,,NA,Near Port Road,NA,Inside IPL Godowns,A Pedestrian hit by lorry .while the pedestrian was moving left side of the road .the female pedestrian died on the spot .,,
1205,61147,Sunil,20/11/2012,1,198,Vizag,00/01/1900,11/01/2009,7,1,9,3,1,0,1,1,2,2,9,1,,4,0,Gajuwaka,0,,,NA,NA,NA,Near Chinna Gantyada Junction,At the crossing time a pedestrian hit by  motorcycle resulting his death in hospital during the medical treatment .,,
1206,61148,Sunil,20/11/2012,1,203,Vizag,00/01/1900,11/08/2009,7,1,9,3,1,0,2,5,1,2,9,1,,4,5,Gajuwaka,0,,,NA,NH-5 Near Natayyapalem Truck Bay,NA,Opp. To Zameer Marble  shop,A Van hit the motorcycle from left side . Both vehicle was moving same direction .the motorcyclist dead on the spot .,,
1207,61149,Vijay,20/11/2012,1,207,Vizag,00/01/1900,14/11/2009,6,0,9,3,1,0,1,1,1,2,9,1,,4,5,Gajuwaka,0,,,NA,"NH5,Natayyapalem",NA,Akkireddypalem,A pedestrian hit by a car causing his death in the hospital during treatment.,,
1208,61150,Vijay,20/11/2012,1,210,Vizag,00/01/1900,21/11/2009,6,0,9,3,1,0,1,1,1,2,9,1,,4,7,Gajuwaka,0,,,NA,N.H 5 Road,NA,Opp. To SheelaNagar Petrol Bunk,"A pedestrian hit by a motorcycle at the time of crossing the road,resulting his death in the hospital during treatment.",,
1209,61151,Vijay,20/11/2012,1,212,Vizag,00/01/1900,21/11/2009,6,0,9,3,1,0,1,1,1,2,9,1,,4,5,Gajuwaka,0,,,NA,N.H 5 Road,NA,Near Old Bus Stop,A pedestrian hit by a ambulance at the time of crossing the road.The person died before reaching hospital.,,
1210,61152,Vijay,20/11/2012,1,215,Vizag,00/01/1900,24/11/2009,2,1,9,3,1,0,1,1,1,2,9,1,,4,2,Gajuwaka,0,,,NA,N.H 5 Road,NA,Opp. To Lata Hospital,A pedestrian hit by a lorry at the time of crossing the road.The person died before reaching hospital.,,
1211,61153,Vijay,20/11/2012,1,219,Vizag,00/01/1900,29/11/2009,7,1,9,3,1,0,1,1,1,2,9,1,,4,5,Gajuwaka,0,,,NA,Main Road,NA,Opp. To Likitha Theatre,A pedestrian hit by a motorcycle at the time of crossing the road.The person died before reaching hospital.,,
1212,61154,Vijay,20/11/2012,1,222,Vizag,00/01/1900,12/04/2009,5,1,9,3,1,0,2,3,1,2,9,1,,4,7,Gajuwaka,0,,,NA,N.H 5 Road,NA,Opp. Sheelanagar petrol Bunk,"At the time of turning, a motorcyclist hit by a lorry from back side.Due to this impact, the motorcyclist died before reaching hospital.",,
1213,61155,Vijay,20/11/2012,1,225,Vizag,00/01/1900,12/08/2009,2,0,9,3,1,0,1,1,1,2,9,1,,4,1,Gajuwaka,0,,,NA,"NH5, Chinna Gantyada",NA,Opp. To RK hospital Road,A pedestrian hit by an auto at the time of crossing the road.The pedestrian died in the hospital during medical treatment.,,
1214,61156,Vijay,20/11/2012,1,238,Vizag,00/01/1900,27/12/2009,7,1,9,3,1,0,1,1,1,2,9,1,,4,4,Gajuwaka,0,,,NA,Main Road,NA,Opp. To Laxmikanth Theatre,A pedestrian hit by a bus at the time of crossing the road.The person died before reaching hospital.,,
1215,61157,Vijay,20/11/2012,1,18,Vizag,00/01/1900,16/02/2011,3,1,9,3,1,0,2,99,1,2,9,1,,4,3,Anandapuram,0,,,NA,N.H 5 Road,NA,Bheemii Cross Road,"A Car hit the Scooter ,as a resulting scooterist died in the hospital.",,
1216,61158,Vijay,20/11/2012,1,235,Vizag,00/01/1900,24/06/2007,7,1,9,3,1,0,2,99,1,2,9,1,,4,13,Bheemili,0,,,NA,NA,NA,Boravanipalem Village,"A Bus came in rash manner and hit the another bus, as a resulting driver died in the hospital.",,
1217,61159,Vijay,20/11/2012,1,104,Vizag,00/01/1900,05/01/2010,6,0,9,3,2,0,1,1,9,2,9,1,,4,14,Bheemili,0,,,NA,N.H 43 Road,NA,Kothari Krishnam Raju Mamidithota,"A lorry came in rash manner and hit the two lady ,as a resulting both died on the spot.",,
1218,61160,Vijay,20/11/2012,1,40,Vizag,00/01/1900,20/02/2010,6,0,9,3,1,998,3,3,1,2,9,1,,4,16,Bheemili,1,,,Ramidi Village,NA,NA,Rudrabatta koneru,"A lorry hit the another lorry and second lorry hit the auto, as a resulting a auto passenger died on the spot and other got injured.",,
1219,61161,Vijay,20/11/2012,1,201,Vizag,00/01/1900,09/11/2010,5,1,9,3,1,0,1,1,1,2,9,1,,4,4,Kancharapalem,0,,,NA,Convent Junction Road,NA,St. Jospeh College,"A lady pedestrian hit by the auto, as a resulting she died under treatment.",,
1220,61162,Vijay,22/11/2012,1,251,Vizag,00/01/1900,12/10/2007,1,1,9,3,1,0,2,3,1,2,9,1,,4,3,Steel Plant,0,,,NA,Main road,NA,Saritha Steel Stockyard Rajeev nagar,"a cyclist hit from back by a truck at the time of making 'U' turn.Due to this impact,the cyclist died on the spot.",,
1222,61163,Vijay,22/11/2012,1,85,Vizag,00/01/1900,05/10/2008,6,0,9,3,1,2,2,10,1,2,9,1,,4,14,Steel plant,1,,,NA,NA,NA,FSNL opp. Scripe yard,"Due to sudden trun make by a truck driver, the vehicle collide with a  nearby motorcycle.Due to this the rider of the motorycle died before reaching hospital and other 2 pessengers injured and admitted to hospital.",,
1223,61164,Vijay,22/11/2012,1,87,Vizag,00/01/1900,13/05/2008,2,0,9,3,1,0,2,2,1,2,9,1,,4,5,Stell plant,0,,,NA,NA,NA,INTUC Junction,A motorcycle(A) collide with motorcycle(B) I head on collision.Due to this the rider of the motorcycle(B) die \d in the hospital during treatment.,,
1224,61165,Vijay,22/11/2012,1,117,Vizag,00/01/1900,07/03/2008,2,0,9,3,1,0,1,1,1,2,9,1,,4,8,Steel plant,0,,,NA,NA,NA,NA,"A person hit by a truck,causing his death on the spot.",,
1225,61166,Vijay,22/11/2012,1,122,Vizag,00/01/1900,07/09/2008,3,0,9,3,1,0,2,3,1,2,9,1,,4,4,Steel plant,0,,,Na,Main Road,NA,VEPZ Fly over bridge,"A motorcyclist hit from back by a truck.Due to this impact,the motorcyclist died on the spot.",,
1226,61167,Vijay,22/11/2012,1,131,Vizag,00/01/1900,16/07/2008,3,0,9,3,1,0,2,10,1,2,9,1,,4,3,Steel plant,0,,,Kurumanna Palem,NH5,Steel plant main gate,KBR junction,"A motorcyclist hit by a car ,causing his death on the spot.",,
1227,61168,Vijay,22/11/2012,1,154,Vizag,00/01/1900,23/08/2008,6,0,0,3,2,0,2,10,1,2,9,1,,4,0,Steel plant,1,,,Anakapalle,NH5,gajuwaka,Vizag Steel plant police station,"A motorycle collide with a road side parked truck.Due to this,the motorcyclist and its pillion rider died on the spot.",,
1228,61169,Vijay,22/11/2012,1,194,Vizag,00/01/1900,10/03/2008,5,0,9,3,1,0,2,3,1,2,9,1,,4,3,Steel plant,0,,,Gajuwaka,NH5,Anakapalle,Anjaneya swami temple,"A cyclist hit from back side by a van.Due to this impact,the cyclist died in the hospital during treatment.",,
1229,61170,Vijay,22/11/2012,1,133,Vizag,00/01/1900,19/07/2008,6,0,9,3,1,0,2,3,1,2,9,1,,4,8,Steel Plant,0,,,NA,NA,NA,Gurajada Kalakshetram Opp. Aptransport,"A motorcyclist hit froim backside by a bus.Due tot his impact,the rider of the motorcyclist died on the spot.",,
1230,61171,Vijay,22/11/2012,1,47,Vizag,00/01/1900,25/03/2007,7,1,0,3,1,3,1,7,1,2,9,1,,4,3,Steel Plant,1,,,Anakapally,NA,Aganapudi,"Aganampudi bridge down,Donkoda colony junction","At the time of making overtake,an auto overturned.Due to this, one pessenger died on the spot and other 3 injured and admitted to hospital.",,
1231,61172,Vijay,22/11/2012,1,59,Vizag,00/01/1900,14/03/2007,3,0,0,3,1,0,2,3,1,2,9,1,,4,1,Steel Plant,0,,,NA,NA,Kurmammapalem,Opp. All India Radio Station,"A motorcyclsit hit from backside by a truck.Due to this impact,the motoryclist died on the spot.",,
1232,61173,Vijay,22/11/2012,1,171,Vizag,00/01/1900,09/10/2008,3,1,9,3,1,0,1,1,1,2,9,1,,4,0,Steel Plant,0,,,Anakapalem,NH5,Gajuwaka,Supraja Bar,"A pedestrian hit by a car.Due to this impact , the pedestrian died on the spot.",,
1233,61174,Vijay,22/11/2012,1,175,Vizag,00/01/1900,13/09/2008,6,0,9,3,1,0,2,3,1,2,9,1,,4,2,Steel Plant,0,,,Kurumannapalem,NA,Duwwada,Mustafa Junction,"A motorycyclist hit from back side by a  bus,as a result the motorcyclsit died on the spot.",,
1234,61175,Vijay,22/11/2012,1,190,Vizag,00/01/1900,30/09/2008,2,0,9,3,1,0,2,3,1,2,9,1,,4,1,Steel Plant,0,,,Kurumannapalem,NA,Duwwada,Pavani public school,"A motorycyclist hit from back side by a  truck,as a result the motorcyclsit died on the spot.",,
1235,61176,Vijay,22/11/2012,1,193,Vizag,00/01/1900,10/02/2008,4,0,9,3,1,0,1,1,1,2,9,1,,4,4,Steel Plant,0,,,Sri Anjaneya Hanuman Temple,NA,Lankelapalem,Satya sai Medical Store,"A peestrian hit by a motorcycle.Due to this ,the pedestrain died in the hospital during treatment.",,
1236,61177,Vijay,22/11/2012,1,94,Vizag,00/01/1900,06/02/2008,1,0,9,3,1,0,1,1,1,2,9,1,,4,1,Steel Plant,0,,,GandaVaram,NA,Gajuwaka,All India radioStation,A person were hit by a van.Due to this impact the pedestrian died on the spot.,,
1237,61178,Vijay,22/11/2012,1,249,Vizag,00/01/1900,12/05/2007,3,0,9,3,1,0,1,1,1,2,9,1,,4,0,Steel Plant,0,,,NA,NA,NA,Jupally Nagar Road Duwwada RailwayStation raod Rajeev Nagar,A pedestrian hit by a motorcyle.The person die due to impact  before reaching hospital.,,
1238,61179,Vijay,22/11/2012,1,209,Vizag,00/01/1900,30/09/2007,7,1,9,3,1,0,2,3,1,2,9,1,,4,2,Steel Plant,0,,,NA,Station Road,NA,Opp. Vijaya Towers,A cyclsit hit from back by a auto.The cyclist died on the spot.,,
1239,61180,Vijay,22/11/2012,1,173,Vizag,00/01/1900,14/08/2007,2,0,9,3,1,1,2,10,1,2,9,1,,4,9,Steel Plant,0,,,NA,NA,NA,Power Grid Sector-9,"A motoryclcle collide with a car,due to sudden trun made by the car driver.The pillion rider of the 2-wheeler died on the spot and rider admitted to  hospital",,
1240,61181,Vijay,22/11/2012,1,151,Vizag,00/01/1900,07/07/2007,6,0,9,3,1,1,2,4,1,2,9,1,,4,3,Steel Plant,0,,,Gajuwaka,NH5,Anakapally,Near Anjaneya Swami Temple,"A motorcycle hit by a car,while motorcycle was turnin gto his right side.Due to this, the rider of the vehicle died on the spot and pillion rider admittd to hospital.",,
1241,61182,Vijay,22/11/2012,1,104,Vizag,00/01/1900,05/07/2007,1,0,9,3,1,0,2,4,1,2,9,1,,4,8,Steel Plant,0,,,NA,NA,NA,FMD-II NS-4 Yard circle Junction,"A motoryclist hit from side bya  truck.Due to this , the motorcyclist died on the spot.",,
1242,61183,Vijay,22/11/2012,1,95,Vizag,00/01/1900,20/07/2007,5,0,9,3,1,0,2,2,1,2,9,1,,4,2,Steel Plant,0,,,NA,NA,NA,Appikonda Colony,"A cyclist collide with a truck in head on collision.Due to this,the cyclist died on the spot.",,
1243,61184,Vijay,22/11/2012,1,93,Vizag,00/01/1900,19/04/2007,4,0,1,2,1,0,1,1,1,2,9,1,,4,6,Steel Plant,0,,,NA,NH5,NA,Aganampudi and donkoda bridge,A unknown vehicle hit a pedestrian resulting his death on the spot.,,
1244,61185,Vijay,22/11/2012,1,76,Vizag,00/01/1900,04/05/2007,4,0,9,3,1,0,1,1,1,2,9,1,,4,4,Steel Plant,0,,,NA,NA,Duwwada,Near Jayanthi Venkatarao Site,"A pedestrian hit by a tractor,resulting his death on the spot.",,
1245,61186,Vijay,22/11/2012,1,74,Vizag,00/01/1900,04/01/2007,1,0,9,3,1,0,2,2,1,2,9,1,,4,2,Steel Plant,0,,,NA,NA,Aganampudi,Near Aganampudi Toll gate,A motorcycle(A) collide with motorcycle(B).The rider of the motorcyle(B) died in the hospital during treatment.,,
1246,61187,Vijay,22/11/2012,1,26,Vizag,00/01/1900,14/02/2008,4,0,9,3,1,0,1,1,1,2,9,1,,4,3,Steel Plant,0,,,NA,NA,NA,Raslama Colony,"A pedestrian hit by a auto,causing his death before reaching hospital.",,
1247,61188,Vijay,22/11/2012,1,33,Vizag,00/01/1900,26/02/2008,2,0,9,3,1,0,1,1,2,2,9,1,,4,0,Steel Plant,0,,,aganampudi,NH5,Gajuwaka,Kurumannapalem Jucntion,"A pedestrian hit by a auto,causing his death before reaching hospital.",,
1248,61189,Vijay,22/11/2012,1,54,Vizag,00/01/1900,27/03/2008,5,0,9,3,1,0,2,4,2,2,9,1,,4,7,Steel Plant,0,,,NA,NA,NA,BC gate,A motorcycle hit by a truck by from side on a raod junction resulting his death on the spot.,,
1249,61190,Vijay,22/11/2012,1,74,Vizag,00/01/1900,05/03/2008,6,0,9,3,1,0,2,3,1,2,9,1,,4,15,Steel Plant,0,,,NA,NA,NA,NA,A parked truck(A) hit from back side by another truck(B).The driver of the truck(B) died before reaching hospital.,,
1250,61191,Vijay,22/11/2012,1,45,Vizag,00/01/1900,18/03/2008,2,0,9,3,1,1,2,3,1,2,9,1,,4,2,Steel Plant,0,,,Gajuwaka,NA,Anakapalle,All India Radio Station,"A parked truck (A) hit by another truck(B) from backside.Due to this, one of the pessenger died on the spot and driver admitted to hospital.",,
1251,61192,Vijay,22/11/2012,1,61,Vizag,00/01/1900,04/08/2008,4,0,0,3,1,1,1,1,1,2,9,1,,4,6,Steel Plant,0,,,Anakapalle,NA,Visakhapatnam,NA,A pedestian hit by a motorcycle.Due to this collision the pedestrain died on the spot and rider of the 2-wheeler injured.,,
1252,61193,Vijay,22/11/2012,1,7,Vizag,00/01/1900,14/01/2008,1,1,9,3,2,6,2,4,1,2,9,1,,4,8,Steel Plant,1,,,NA,NA,NA,mills Junction,"A Dumper hit Tata Sumo killing one passenger on the spot, One person died during tratement and 7 others were injured",,
1253,61194,Vijay,22/11/2012,1,18,Vizag,00/01/1900,14/07/2008,1,0,1,3,1,0,1,1,1,2,9,1,,4,0,New Port,0,,,NA,NA,NA,Kandipillivari Street,"A pedestrian hit by an auto.Due to this,the pedestrian sustained injuries causing her death in the hospital during treatment.",,
1254,61195,Vijay,22/11/2012,1,19,Vizag,00/01/1900,27/08/2008,3,0,0,3,1,0,1,10,1,2,9,1,,4,1,New Port,0,,,NA,NA,NA,Pedagantyada,"Due to sudden brakes applied by the motorcyclist,the rider got injured and died in the hospital during treatment.",,
1255,61196,Vijay,22/11/2012,1,23,Vizag,00/01/1900,20/09/2008,6,0,9,3,1,0,1,1,1,2,9,1,,4,0,New Port,0,,,NA,NA,NA,DayalNagar,A pedestrian hit by a bus causing his death on the spot.,,
1256,61197,ak,22/11/2012,1,4,Vizag,00/01/1900,01/04/2010,1,0,9,3,1,0,1,1,1,2,9,1,,4,4,Malkapuram,0,,,NA,NA,NA,Near SriNivas Nagar,"A ambulance hit the pedestrian ,as a resulting he died under the treatment.",,
1257,61198,ak,22/11/2012,1,353,Vizag,00/01/1900,29/10/2010,5,0,9,3,1,0,1,1,1,2,9,1,,4,5,Malkapuram,0,,,NA,NA,NA,Opp. To SICAL Godowns,"A lorry hit the pedestrian, as a resulting he died under the treatment.",,
1258,61199,ak,22/11/2012,1,25,Vizag,00/01/1900,02/03/2010,3,0,9,3,1,0,2,3,2,2,9,1,,4,3,Malkapuram,0,,,Sindhi Route,NA,NA,AT PipeLine Junction,"A lorry hit the motorcycle from the backside, as a resulting motorcyclist died under treatment.",,
1259,61200,ak,22/11/2012,1,276,Vizag,00/01/1900,13/12/2009,7,1,0,3,1,0,2,1,3,2,9,1,,4,6,Malkapuram,1,,,,Near CWC Godowns Road,NA,Inside Pratyusha Godowns II,A lorry hit the parked craine and at the same time  a person sleeping in front of the craine hit by the craine. As a resulting person died under treatment.,,
1260,61201,ak,22/11/2012,1,289,Vizag,00/01/1900,13/09/2010,1,0,9,3,1,0,1,1,1,2,9,1,,4,3,Malkapuram,0,,,Gajuwaka,NA,Sidhia Road,At SriHariPuram,"A RTC Bus came in rash manner and hit the pedestrian while crossing the road, as a resulting he died under treatment.",,